session,ts,day,conc,hour
5dcfc2ef-09c0-406c-9d1a-a07e593f909c,2026-08-05 16:02:16.308000-05:00,2026-08-05,2,16
5dcfc2ef-09c0-406c-9d1a-a07e593f909c,2026-08-05 16:03:38.707000-05:00,2026-08-05,2,16
e02bfb75-134c-4c54-af8e-1e3705987ef1,2026-08-05 16:05:09.531000-05:00,2026-08-05,3,16
5dcfc2ef-09c0-406c-9d1a-a07e593f909c,2026-08-05 16:05:49.058000-05:00,2026-08-05,3,16
5dcfc2ef-09c0-406c-9d1a-a07e593f909c,2026-08-05 16:06:48.688000-05:00,2026-08-05,3,16
5dcfc2ef-09c0-406c-9d1a-a07e593f909c,2026-08-05 16:07:02.255000-05:00,2026-08-05,3,16
e02bfb75-134c-4c54-af8e-1e3705987ef1,2026-08-05 16:08:34.362000-05:00,2026-08-05,3,16
e02bfb75-134c-4c54-af8e-1e3705987ef1,2026-08-05 16:12:24.962000-05:00,2026-08-05,3,16
5dcfc2ef-09c0-406c-9d1a-a07e593f909c,2026-08-05 16:16:28.065000-05:00,2026-08-05,3,16
b10f81bc-56bc-483a-bcba-d4576ad5f312,2026-08-05 16:20:09.180000-05:00,2026-08-05,3,16
e02bfb75-134c-4c54-af8e-1e3705987ef1,2026-08-05 16:22:01.954000-05:00,2026-08-05,3,16
e02bfb75-134c-4c54-af8e-1e3705987ef1,2026-08-05 16:23:33.410000-05:00,2026-08-05,3,16
e02bfb75-134c-4c54-af8e-1e3705987ef1,2026-08-05 16:24:34.028000-05:00,2026-08-05,3,16
e02bfb75-134c-4c54-af8e-1e3705987ef1,2026-08-05 16:25:22.445000-05:00,2026-08-05,3,16
e02bfb75-134c-4c54-af8e-1e3705987ef1,2026-08-05 16:26:25.757000-05:00,2026-08-05,3,16
e02bfb75-134c-4c54-af8e-1e3705987ef1,2026-08-05 16:27:17.664000-05:00,2026-08-05,3,16
5dcfc2ef-09c0-406c-9d1a-a07e593f909c,2026-08-05 16:31:20.079000-05:00,2026-08-05,3,16
e02bfb75-134c-4c54-af8e-1e3705987ef1,2026-08-05 16:32:18.051000-05:00,2026-08-05,3,16
e02bfb75-134c-4c54-af8e-1e3705987ef1,2026-08-05 16:32:22.917000-05:00,2026-08-05,3,16
e02bfb75-134c-4c54-af8e-1e3705987ef1,2026-08-05 16:33:08.094000-05:00,2026-08-05,3,16
e02bfb75-134c-4c54-af8e-1e3705987ef1,2026-08-05 16:33:44.829000-05:00,2026-08-05,3,16
e02bfb75-134c-4c54-af8e-1e3705987ef1,2026-08-05 16:35:28.491000-05:00,2026-08-05,2,16
e02bfb75-134c-4c54-af8e-1e3705987ef1,2026-08-05 16:38:47.556000-05:00,2026-08-05,2,16
5dcfc2ef-09c0-406c-9d1a-a07e593f909c,2026-08-05 16:49:29.663000-05:00,2026-08-05,3,16
5dcfc2ef-09c0-406c-9d1a-a07e593f909c,2026-08-05 16:50:21.607000-05:00,2026-08-05,3,16
5dcfc2ef-09c0-406c-9d1a-a07e593f909c,2026-08-05 16:51:24.703000-05:00,2026-08-05,3,16
42fa5393-0b47-4685-b8bb-dbe261619ecf,2026-08-05 16:53:55.150000-05:00,2026-08-05,2,16
1ce45798-a992-4c3a-a240-745662d19df9,2026-08-05 17:16:56.932000-05:00,2026-08-05,1,17
1ce45798-a992-4c3a-a240-745662d19df9,2026-08-05 17:17:46.937000-05:00,2026-08-05,1,17
1ce45798-a992-4c3a-a240-745662d19df9,2026-08-05 17:30:22.272000-05:00,2026-08-05,3,17
b10f81bc-56bc-483a-bcba-d4576ad5f312,2026-08-05 17:34:04.467000-05:00,2026-08-05,3,17
1ce45798-a992-4c3a-a240-745662d19df9,2026-08-05 17:35:15.752000-05:00,2026-08-05,3,17
42fa5393-0b47-4685-b8bb-dbe261619ecf,2026-08-05 17:37:19.452000-05:00,2026-08-05,3,17
1ce45798-a992-4c3a-a240-745662d19df9,2026-08-05 17:39:48.802000-05:00,2026-08-05,3,17
42fa5393-0b47-4685-b8bb-dbe261619ecf,2026-08-05 17:40:31.325000-05:00,2026-08-05,3,17
1ce45798-a992-4c3a-a240-745662d19df9,2026-08-05 17:44:02.189000-05:00,2026-08-05,3,17
1ce45798-a992-4c3a-a240-745662d19df9,2026-08-05 17:49:34.924000-05:00,2026-08-05,2,17
42fa5393-0b47-4685-b8bb-dbe261619ecf,2026-08-05 17:50:44.300000-05:00,2026-08-05,2,17
1ce45798-a992-4c3a-a240-745662d19df9,2026-08-05 17:56:12.762000-05:00,2026-08-05,2,17
42fa5393-0b47-4685-b8bb-dbe261619ecf,2026-08-05 18:00:18.666000-05:00,2026-08-05,2,18
42fa5393-0b47-4685-b8bb-dbe261619ecf,2026-08-05 18:00:27.875000-05:00,2026-08-05,2,18
1ce45798-a992-4c3a-a240-745662d19df9,2026-08-05 18:05:13.620000-05:00,2026-08-05,2,18
1ce45798-a992-4c3a-a240-745662d19df9,2026-08-05 18:08:54.032000-05:00,2026-08-05,2,18
1ce45798-a992-4c3a-a240-745662d19df9,2026-08-05 18:11:05.025000-05:00,2026-08-05,2,18
b10f81bc-56bc-483a-bcba-d4576ad5f312,2026-08-06 07:56:31.665000-05:00,2026-08-06,1,7
b10f81bc-56bc-483a-bcba-d4576ad5f312,2026-08-06 07:57:54.366000-05:00,2026-08-06,1,7
b10f81bc-56bc-483a-bcba-d4576ad5f312,2026-08-06 07:59:06.890000-05:00,2026-08-06,1,7
b10f81bc-56bc-483a-bcba-d4576ad5f312,2026-08-06 07:59:46.908000-05:00,2026-08-06,1,7
1ce45798-a992-4c3a-a240-745662d19df9,2026-08-06 10:10:13.796000-05:00,2026-08-06,2,10
d161d93c-2ead-454d-8587-44ee07a57383,2026-08-06 10:15:12.707000-05:00,2026-08-06,2,10
1ce45798-a992-4c3a-a240-745662d19df9,2026-08-06 10:19:32.272000-05:00,2026-08-06,2,10
d161d93c-2ead-454d-8587-44ee07a57383,2026-08-06 10:32:57.780000-05:00,2026-08-06,2,10
d161d93c-2ead-454d-8587-44ee07a57383,2026-08-06 11:00:05.620000-05:00,2026-08-06,1,11
e1ecaa53-ca74-43e7-8169-4689142fe30e,2026-08-06 16:15:01.840000-05:00,2026-08-06,2,16
5dcfc2ef-09c0-406c-9d1a-a07e593f909c,2026-08-06 16:17:45.634000-05:00,2026-08-06,2,16
e1ecaa53-ca74-43e7-8169-4689142fe30e,2026-08-06 17:08:32.317000-05:00,2026-08-06,1,17
c6027b72-14d6-42ef-816b-3f374520a20f,2026-08-06 17:31:30.994000-05:00,2026-08-06,3,17
bef26fd1-74e6-4785-8b6c-97c1189ec497,2026-08-06 17:32:36.316000-05:00,2026-08-06,3,17
c6027b72-14d6-42ef-816b-3f374520a20f,2026-08-06 17:34:22.539000-05:00,2026-08-06,3,17
c6027b72-14d6-42ef-816b-3f374520a20f,2026-08-06 17:36:43.117000-05:00,2026-08-06,3,17
c6027b72-14d6-42ef-816b-3f374520a20f,2026-08-06 17:38:37.304000-05:00,2026-08-06,3,17
e1ecaa53-ca74-43e7-8169-4689142fe30e,2026-08-06 17:40:05.313000-05:00,2026-08-06,3,17
bef26fd1-74e6-4785-8b6c-97c1189ec497,2026-08-06 17:40:21.263000-05:00,2026-08-06,3,17
c6027b72-14d6-42ef-816b-3f374520a20f,2026-08-06 17:50:24.123000-05:00,2026-08-06,3,17
c6027b72-14d6-42ef-816b-3f374520a20f,2026-08-06 17:54:24.736000-05:00,2026-08-06,3,17
3e0a29f4-3d61-4ff8-ad9e-eb711498ae60,2026-08-07 08:00:13.368000-05:00,2026-08-07,1,8
5dcfc2ef-09c0-406c-9d1a-a07e593f909c,2026-08-07 11:41:32.198000-05:00,2026-08-07,1,11
4ccb98c8-7f56-420b-943b-85659a9ae66e,2026-08-07 12:05:26.397000-05:00,2026-08-07,1,12
4ccb98c8-7f56-420b-943b-85659a9ae66e,2026-08-07 12:10:37.329000-05:00,2026-08-07,1,12
4ccb98c8-7f56-420b-943b-85659a9ae66e,2026-08-07 12:11:10.188000-05:00,2026-08-07,2,12
4ccb98c8-7f56-420b-943b-85659a9ae66e,2026-08-07 12:19:36.092000-05:00,2026-08-07,2,12
3829b1e0-a32a-4d74-acbb-f1f0fa461771,2026-08-07 12:25:50.502000-05:00,2026-08-07,2,12
3829b1e0-a32a-4d74-acbb-f1f0fa461771,2026-08-07 13:56:56.248000-05:00,2026-08-07,1,13
3829b1e0-a32a-4d74-acbb-f1f0fa461771,2026-08-07 14:02:02.063000-05:00,2026-08-07,1,14
3829b1e0-a32a-4d74-acbb-f1f0fa461771,2026-08-07 14:15:25.150000-05:00,2026-08-07,2,14
3829b1e0-a32a-4d74-acbb-f1f0fa461771,2026-08-07 14:16:13.963000-05:00,2026-08-07,2,14
5dcfc2ef-09c0-406c-9d1a-a07e593f909c,2026-08-07 14:20:51.748000-05:00,2026-08-07,2,14
5dcfc2ef-09c0-406c-9d1a-a07e593f909c,2026-08-07 14:24:29.274000-05:00,2026-08-07,2,14
3829b1e0-a32a-4d74-acbb-f1f0fa461771,2026-08-07 14:29:37.324000-05:00,2026-08-07,3,14
5dcfc2ef-09c0-406c-9d1a-a07e593f909c,2026-08-07 14:36:08.923000-05:00,2026-08-07,3,14
88daa1e6-dca2-42ab-831b-0e503c02a7f4,2026-08-07 14:44:00.542000-05:00,2026-08-07,3,14
5dcfc2ef-09c0-406c-9d1a-a07e593f909c,2026-08-07 14:51:13.727000-05:00,2026-08-07,2,14
3829b1e0-a32a-4d74-acbb-f1f0fa461771,2026-08-07 15:13:38.704000-05:00,2026-08-07,2,15
88daa1e6-dca2-42ab-831b-0e503c02a7f4,2026-08-07 15:26:20.877000-05:00,2026-08-07,2,15
88daa1e6-dca2-42ab-831b-0e503c02a7f4,2026-08-07 15:28:10.968000-05:00,2026-08-07,2,15
a3d29569-0edb-4a15-a5b6-5778204ca7fe,2026-08-07 15:46:40.981000-05:00,2026-08-07,1,15
a3d29569-0edb-4a15-a5b6-5778204ca7fe,2026-08-07 15:55:29.546000-05:00,2026-08-07,1,15
a3d29569-0edb-4a15-a5b6-5778204ca7fe,2026-08-07 15:55:38.643000-05:00,2026-08-07,1,15
27238d7a-e553-4a42-bde2-dbd872026bf0,2026-08-08 14:33:17.506000-05:00,2026-08-08,1,14
27238d7a-e553-4a42-bde2-dbd872026bf0,2026-08-08 14:42:47.006000-05:00,2026-08-08,1,14
27238d7a-e553-4a42-bde2-dbd872026bf0,2026-08-08 14:44:35.466000-05:00,2026-08-08,1,14
27238d7a-e553-4a42-bde2-dbd872026bf0,2026-08-08 14:50:02.228000-05:00,2026-08-08,1,14
27238d7a-e553-4a42-bde2-dbd872026bf0,2026-08-08 14:51:48.358000-05:00,2026-08-08,1,14
27238d7a-e553-4a42-bde2-dbd872026bf0,2026-08-08 14:52:58.384000-05:00,2026-08-08,1,14
27238d7a-e553-4a42-bde2-dbd872026bf0,2026-08-08 14:54:48.402000-05:00,2026-08-08,1,14
27238d7a-e553-4a42-bde2-dbd872026bf0,2026-08-08 14:56:38.833000-05:00,2026-08-08,1,14
27238d7a-e553-4a42-bde2-dbd872026bf0,2026-08-08 14:58:28.639000-05:00,2026-08-08,1,14
27238d7a-e553-4a42-bde2-dbd872026bf0,2026-08-08 15:00:28.658000-05:00,2026-08-08,1,15
27238d7a-e553-4a42-bde2-dbd872026bf0,2026-08-08 15:01:41.042000-05:00,2026-08-08,1,15
27238d7a-e553-4a42-bde2-dbd872026bf0,2026-08-08 15:05:03.428000-05:00,2026-08-08,1,15
27238d7a-e553-4a42-bde2-dbd872026bf0,2026-08-08 15:11:18.248000-05:00,2026-08-08,1,15
27238d7a-e553-4a42-bde2-dbd872026bf0,2026-08-08 15:24:13.437000-05:00,2026-08-08,1,15
52589822-aed2-4070-bc19-4e27364533bc,2026-08-08 16:33:35.387000-05:00,2026-08-08,1,16
52589822-aed2-4070-bc19-4e27364533bc,2026-08-08 16:36:28.407000-05:00,2026-08-08,1,16
52589822-aed2-4070-bc19-4e27364533bc,2026-08-08 16:40:51.546000-05:00,2026-08-08,1,16
52589822-aed2-4070-bc19-4e27364533bc,2026-08-08 16:43:46.575000-05:00,2026-08-08,1,16
52589822-aed2-4070-bc19-4e27364533bc,2026-08-08 16:46:51.120000-05:00,2026-08-08,1,16
52589822-aed2-4070-bc19-4e27364533bc,2026-08-08 16:51:51.472000-05:00,2026-08-08,1,16
52589822-aed2-4070-bc19-4e27364533bc,2026-08-08 16:54:09.766000-05:00,2026-08-08,1,16
65a1e1b9-f452-4688-aedf-19b7e3095a3b,2026-08-08 19:46:34.073000-05:00,2026-08-08,2,19
65a1e1b9-f452-4688-aedf-19b7e3095a3b,2026-08-08 19:49:22.105000-05:00,2026-08-08,2,19
65a1e1b9-f452-4688-aedf-19b7e3095a3b,2026-08-08 19:52:23.301000-05:00,2026-08-08,2,19
65a1e1b9-f452-4688-aedf-19b7e3095a3b,2026-08-08 19:53:22.316000-05:00,2026-08-08,2,19
65a1e1b9-f452-4688-aedf-19b7e3095a3b,2026-08-08 19:54:13.065000-05:00,2026-08-08,2,19
5b4811fa-3365-4e24-8388-60a50467e15e,2026-08-08 19:54:17.389000-05:00,2026-08-08,2,19
5b4811fa-3365-4e24-8388-60a50467e15e,2026-08-08 19:54:51.757000-05:00,2026-08-08,2,19
65a1e1b9-f452-4688-aedf-19b7e3095a3b,2026-08-08 19:58:11.767000-05:00,2026-08-08,2,19
65a1e1b9-f452-4688-aedf-19b7e3095a3b,2026-08-08 20:01:03.741000-05:00,2026-08-08,2,20
5b4811fa-3365-4e24-8388-60a50467e15e,2026-08-08 20:02:19.137000-05:00,2026-08-08,2,20
65a1e1b9-f452-4688-aedf-19b7e3095a3b,2026-08-08 20:03:56.277000-05:00,2026-08-08,2,20
65a1e1b9-f452-4688-aedf-19b7e3095a3b,2026-08-08 20:06:09.362000-05:00,2026-08-08,2,20
65a1e1b9-f452-4688-aedf-19b7e3095a3b,2026-08-08 20:06:18.976000-05:00,2026-08-08,2,20
65a1e1b9-f452-4688-aedf-19b7e3095a3b,2026-08-08 20:09:40.950000-05:00,2026-08-08,2,20
65a1e1b9-f452-4688-aedf-19b7e3095a3b,2026-08-08 20:12:09.064000-05:00,2026-08-08,2,20
65a1e1b9-f452-4688-aedf-19b7e3095a3b,2026-08-08 20:13:40.862000-05:00,2026-08-08,2,20
5b4811fa-3365-4e24-8388-60a50467e15e,2026-08-08 20:16:34.139000-05:00,2026-08-08,2,20
65a1e1b9-f452-4688-aedf-19b7e3095a3b,2026-08-08 20:19:28.158000-05:00,2026-08-08,2,20
5b4811fa-3365-4e24-8388-60a50467e15e,2026-08-08 20:24:44.726000-05:00,2026-08-08,2,20
65a1e1b9-f452-4688-aedf-19b7e3095a3b,2026-08-08 20:26:40.292000-05:00,2026-08-08,2,20
5b4811fa-3365-4e24-8388-60a50467e15e,2026-08-08 20:31:18.964000-05:00,2026-08-08,2,20
65a1e1b9-f452-4688-aedf-19b7e3095a3b,2026-08-08 20:34:41.146000-05:00,2026-08-08,2,20
5b4811fa-3365-4e24-8388-60a50467e15e,2026-08-08 20:37:21.170000-05:00,2026-08-08,2,20
65a1e1b9-f452-4688-aedf-19b7e3095a3b,2026-08-08 20:37:27.825000-05:00,2026-08-08,2,20
65a1e1b9-f452-4688-aedf-19b7e3095a3b,2026-08-08 20:40:54.487000-05:00,2026-08-08,2,20
65a1e1b9-f452-4688-aedf-19b7e3095a3b,2026-08-08 20:42:52.781000-05:00,2026-08-08,2,20
5b4811fa-3365-4e24-8388-60a50467e15e,2026-08-08 20:54:42.831000-05:00,2026-08-08,2,20
5b4811fa-3365-4e24-8388-60a50467e15e,2026-08-08 20:56:22.561000-05:00,2026-08-08,2,20
65a1e1b9-f452-4688-aedf-19b7e3095a3b,2026-08-08 20:58:59.317000-05:00,2026-08-08,2,20
5b4811fa-3365-4e24-8388-60a50467e15e,2026-08-08 21:01:36.513000-05:00,2026-08-08,2,21
5b4811fa-3365-4e24-8388-60a50467e15e,2026-08-08 21:11:31.652000-05:00,2026-08-08,2,21
65a1e1b9-f452-4688-aedf-19b7e3095a3b,2026-08-08 21:12:54.698000-05:00,2026-08-08,2,21
65a1e1b9-f452-4688-aedf-19b7e3095a3b,2026-08-08 21:13:07.130000-05:00,2026-08-08,2,21
5b4811fa-3365-4e24-8388-60a50467e15e,2026-08-08 21:13:08.629000-05:00,2026-08-08,2,21
5b4811fa-3365-4e24-8388-60a50467e15e,2026-08-08 21:15:53.653000-05:00,2026-08-08,2,21
65a1e1b9-f452-4688-aedf-19b7e3095a3b,2026-08-08 21:16:56.515000-05:00,2026-08-08,2,21
65a1e1b9-f452-4688-aedf-19b7e3095a3b,2026-08-08 21:18:33.319000-05:00,2026-08-08,2,21
5b4811fa-3365-4e24-8388-60a50467e15e,2026-08-08 21:19:56.316000-05:00,2026-08-08,2,21
65a1e1b9-f452-4688-aedf-19b7e3095a3b,2026-08-09 07:43:19.983000-05:00,2026-08-09,1,7
65a1e1b9-f452-4688-aedf-19b7e3095a3b,2026-08-09 07:56:44.407000-05:00,2026-08-09,1,7
65a1e1b9-f452-4688-aedf-19b7e3095a3b,2026-08-09 08:06:29.687000-05:00,2026-08-09,2,8
65a1e1b9-f452-4688-aedf-19b7e3095a3b,2026-08-09 08:11:51.011000-05:00,2026-08-09,2,8
5b4811fa-3365-4e24-8388-60a50467e15e,2026-08-09 08:13:56.445000-05:00,2026-08-09,2,8
65a1e1b9-f452-4688-aedf-19b7e3095a3b,2026-08-09 08:17:13.832000-05:00,2026-08-09,2,8
5b4811fa-3365-4e24-8388-60a50467e15e,2026-08-09 08:18:09.550000-05:00,2026-08-09,2,8
65a1e1b9-f452-4688-aedf-19b7e3095a3b,2026-08-09 08:24:12.268000-05:00,2026-08-09,2,8
65a1e1b9-f452-4688-aedf-19b7e3095a3b,2026-08-09 08:28:12.092000-05:00,2026-08-09,2,8
65a1e1b9-f452-4688-aedf-19b7e3095a3b,2026-08-09 08:30:13.148000-05:00,2026-08-09,2,8
5b4811fa-3365-4e24-8388-60a50467e15e,2026-08-09 08:31:20.296000-05:00,2026-08-09,2,8
5b4811fa-3365-4e24-8388-60a50467e15e,2026-08-09 08:35:23.303000-05:00,2026-08-09,2,8
65a1e1b9-f452-4688-aedf-19b7e3095a3b,2026-08-09 10:07:36.584000-05:00,2026-08-09,2,10
5b4811fa-3365-4e24-8388-60a50467e15e,2026-08-09 10:15:53.018000-05:00,2026-08-09,2,10
5b4811fa-3365-4e24-8388-60a50467e15e,2026-08-09 10:18:16.176000-05:00,2026-08-09,2,10
5b4811fa-3365-4e24-8388-60a50467e15e,2026-08-09 10:21:03.896000-05:00,2026-08-09,2,10
5b4811fa-3365-4e24-8388-60a50467e15e,2026-08-09 10:24:21.958000-05:00,2026-08-09,2,10
65a1e1b9-f452-4688-aedf-19b7e3095a3b,2026-08-09 10:30:07.702000-05:00,2026-08-09,2,10
65a1e1b9-f452-4688-aedf-19b7e3095a3b,2026-08-09 10:32:45.992000-05:00,2026-08-09,2,10
65a1e1b9-f452-4688-aedf-19b7e3095a3b,2026-08-09 10:35:45.354000-05:00,2026-08-09,2,10
65a1e1b9-f452-4688-aedf-19b7e3095a3b,2026-08-09 10:40:25.171000-05:00,2026-08-09,1,10
65a1e1b9-f452-4688-aedf-19b7e3095a3b,2026-08-09 10:41:32.924000-05:00,2026-08-09,1,10
65a1e1b9-f452-4688-aedf-19b7e3095a3b,2026-08-09 10:47:09.792000-05:00,2026-08-09,1,10
65a1e1b9-f452-4688-aedf-19b7e3095a3b,2026-08-09 10:50:21.284000-05:00,2026-08-09,1,10
65a1e1b9-f452-4688-aedf-19b7e3095a3b,2026-08-09 10:54:18.401000-05:00,2026-08-09,1,10
65a1e1b9-f452-4688-aedf-19b7e3095a3b,2026-08-09 11:04:15.617000-05:00,2026-08-09,1,11
65a1e1b9-f452-4688-aedf-19b7e3095a3b,2026-08-09 11:06:34.156000-05:00,2026-08-09,1,11
65a1e1b9-f452-4688-aedf-19b7e3095a3b,2026-08-09 11:12:50.278000-05:00,2026-08-09,1,11
65a1e1b9-f452-4688-aedf-19b7e3095a3b,2026-08-09 11:19:59.316000-05:00,2026-08-09,1,11
65a1e1b9-f452-4688-aedf-19b7e3095a3b,2026-08-09 11:31:10.163000-05:00,2026-08-09,1,11
65a1e1b9-f452-4688-aedf-19b7e3095a3b,2026-08-09 11:35:43.283000-05:00,2026-08-09,2,11
65a1e1b9-f452-4688-aedf-19b7e3095a3b,2026-08-09 11:39:59.095000-05:00,2026-08-09,2,11
65a1e1b9-f452-4688-aedf-19b7e3095a3b,2026-08-09 11:47:01.847000-05:00,2026-08-09,2,11
aa3e61e6-1446-4d2e-ad94-5c273f1fff45,2026-08-09 11:49:19.293000-05:00,2026-08-09,2,11
aa3e61e6-1446-4d2e-ad94-5c273f1fff45,2026-08-09 11:51:19.806000-05:00,2026-08-09,3,11
67e1effb-ecf2-40e2-a401-50f5a86d8554,2026-08-09 12:05:27.174000-05:00,2026-08-09,2,12
67e1effb-ecf2-40e2-a401-50f5a86d8554,2026-08-09 12:15:13.904000-05:00,2026-08-09,1,12
67e1effb-ecf2-40e2-a401-50f5a86d8554,2026-08-09 12:46:46.114000-05:00,2026-08-09,2,12
65a1e1b9-f452-4688-aedf-19b7e3095a3b,2026-08-09 12:46:52.664000-05:00,2026-08-09,2,12
67e1effb-ecf2-40e2-a401-50f5a86d8554,2026-08-09 12:52:00.989000-05:00,2026-08-09,2,12
67e1effb-ecf2-40e2-a401-50f5a86d8554,2026-08-09 12:54:07.761000-05:00,2026-08-09,2,12
67e1effb-ecf2-40e2-a401-50f5a86d8554,2026-08-09 13:08:53.645000-05:00,2026-08-09,2,13
67e1effb-ecf2-40e2-a401-50f5a86d8554,2026-08-09 13:10:35.322000-05:00,2026-08-09,2,13
67e1effb-ecf2-40e2-a401-50f5a86d8554,2026-08-09 13:14:18.322000-05:00,2026-08-09,2,13
65a1e1b9-f452-4688-aedf-19b7e3095a3b,2026-08-09 13:18:44.970000-05:00,2026-08-09,2,13
67e1effb-ecf2-40e2-a401-50f5a86d8554,2026-08-09 13:23:21.229000-05:00,2026-08-09,2,13
65a1e1b9-f452-4688-aedf-19b7e3095a3b,2026-08-09 13:23:30.432000-05:00,2026-08-09,2,13
67e1effb-ecf2-40e2-a401-50f5a86d8554,2026-08-09 13:28:29.094000-05:00,2026-08-09,2,13
65a1e1b9-f452-4688-aedf-19b7e3095a3b,2026-08-09 13:28:46.095000-05:00,2026-08-09,2,13
67e1effb-ecf2-40e2-a401-50f5a86d8554,2026-08-09 13:39:45.280000-05:00,2026-08-09,2,13
67e1effb-ecf2-40e2-a401-50f5a86d8554,2026-08-09 13:46:12.558000-05:00,2026-08-09,1,13
67e1effb-ecf2-40e2-a401-50f5a86d8554,2026-08-09 13:52:57.115000-05:00,2026-08-09,1,13
67e1effb-ecf2-40e2-a401-50f5a86d8554,2026-08-09 13:57:30.186000-05:00,2026-08-09,1,13
67e1effb-ecf2-40e2-a401-50f5a86d8554,2026-08-09 14:02:36.006000-05:00,2026-08-09,1,14
67e1effb-ecf2-40e2-a401-50f5a86d8554,2026-08-09 14:10:04.623000-05:00,2026-08-09,1,14
88daa1e6-dca2-42ab-831b-0e503c02a7f4,2026-08-09 14:28:28.489000-05:00,2026-08-09,2,14
65a1e1b9-f452-4688-aedf-19b7e3095a3b,2026-08-09 14:34:10.734000-05:00,2026-08-09,2,14
88daa1e6-dca2-42ab-831b-0e503c02a7f4,2026-08-09 14:43:28.058000-05:00,2026-08-09,2,14
65a1e1b9-f452-4688-aedf-19b7e3095a3b,2026-08-09 14:50:00.674000-05:00,2026-08-09,2,14
65a1e1b9-f452-4688-aedf-19b7e3095a3b,2026-08-09 14:53:11.075000-05:00,2026-08-09,2,14
88daa1e6-dca2-42ab-831b-0e503c02a7f4,2026-08-09 14:56:42.639000-05:00,2026-08-09,2,14
06253c9e-3f78-4868-849e-5564a55a9d0a,2026-08-09 15:14:47.318000-05:00,2026-08-09,2,15
c93efd9e-de64-4177-a14e-e79f945eb252,2026-08-09 15:14:47.318000-05:00,2026-08-09,2,15
c93efd9e-de64-4177-a14e-e79f945eb252,2026-08-09 15:16:05.725000-05:00,2026-08-09,2,15
06253c9e-3f78-4868-849e-5564a55a9d0a,2026-08-09 15:16:05.725000-05:00,2026-08-09,2,15
06253c9e-3f78-4868-849e-5564a55a9d0a,2026-08-09 15:16:49.808000-05:00,2026-08-09,2,15
c93efd9e-de64-4177-a14e-e79f945eb252,2026-08-09 15:16:49.808000-05:00,2026-08-09,2,15
c93efd9e-de64-4177-a14e-e79f945eb252,2026-08-09 15:20:01.249000-05:00,2026-08-09,2,15
06253c9e-3f78-4868-849e-5564a55a9d0a,2026-08-09 15:20:01.249000-05:00,2026-08-09,2,15
c93efd9e-de64-4177-a14e-e79f945eb252,2026-08-09 15:23:46.419000-05:00,2026-08-09,2,15
06253c9e-3f78-4868-849e-5564a55a9d0a,2026-08-09 15:23:46.419000-05:00,2026-08-09,2,15
c93efd9e-de64-4177-a14e-e79f945eb252,2026-08-09 15:29:19.635000-05:00,2026-08-09,2,15
06253c9e-3f78-4868-849e-5564a55a9d0a,2026-08-09 15:29:19.635000-05:00,2026-08-09,2,15
06253c9e-3f78-4868-849e-5564a55a9d0a,2026-08-09 15:30:16.005000-05:00,2026-08-09,2,15
c93efd9e-de64-4177-a14e-e79f945eb252,2026-08-09 15:30:16.005000-05:00,2026-08-09,2,15
c93efd9e-de64-4177-a14e-e79f945eb252,2026-08-09 15:30:34.064000-05:00,2026-08-09,2,15
06253c9e-3f78-4868-849e-5564a55a9d0a,2026-08-09 15:30:34.064000-05:00,2026-08-09,2,15
06253c9e-3f78-4868-849e-5564a55a9d0a,2026-08-09 15:49:25.754000-05:00,2026-08-09,3,15
c93efd9e-de64-4177-a14e-e79f945eb252,2026-08-09 15:49:25.754000-05:00,2026-08-09,3,15
c93efd9e-de64-4177-a14e-e79f945eb252,2026-08-09 15:53:18.586000-05:00,2026-08-09,3,15
06253c9e-3f78-4868-849e-5564a55a9d0a,2026-08-09 15:53:18.586000-05:00,2026-08-09,3,15
88daa1e6-dca2-42ab-831b-0e503c02a7f4,2026-08-09 15:53:51.313000-05:00,2026-08-09,3,15
88daa1e6-dca2-42ab-831b-0e503c02a7f4,2026-08-09 15:58:37.145000-05:00,2026-08-09,3,15
c93efd9e-de64-4177-a14e-e79f945eb252,2026-08-09 15:59:03.019000-05:00,2026-08-09,3,15
06253c9e-3f78-4868-849e-5564a55a9d0a,2026-08-09 15:59:03.019000-05:00,2026-08-09,3,15
88daa1e6-dca2-42ab-831b-0e503c02a7f4,2026-08-09 16:03:15.006000-05:00,2026-08-09,3,16
88daa1e6-dca2-42ab-831b-0e503c02a7f4,2026-08-09 16:07:09.294000-05:00,2026-08-09,3,16
06253c9e-3f78-4868-849e-5564a55a9d0a,2026-08-09 16:08:23.500000-05:00,2026-08-09,3,16
c93efd9e-de64-4177-a14e-e79f945eb252,2026-08-09 16:08:31.392000-05:00,2026-08-09,3,16
06253c9e-3f78-4868-849e-5564a55a9d0a,2026-08-09 16:08:31.392000-05:00,2026-08-09,3,16
88daa1e6-dca2-42ab-831b-0e503c02a7f4,2026-08-09 16:11:58.041000-05:00,2026-08-09,3,16
06253c9e-3f78-4868-849e-5564a55a9d0a,2026-08-09 16:16:27.768000-05:00,2026-08-09,3,16
c93efd9e-de64-4177-a14e-e79f945eb252,2026-08-09 16:16:27.768000-05:00,2026-08-09,3,16
88daa1e6-dca2-42ab-831b-0e503c02a7f4,2026-08-09 16:18:40.956000-05:00,2026-08-09,3,16
c93efd9e-de64-4177-a14e-e79f945eb252,2026-08-09 16:20:14.059000-05:00,2026-08-09,3,16
06253c9e-3f78-4868-849e-5564a55a9d0a,2026-08-09 16:20:14.059000-05:00,2026-08-09,3,16
88daa1e6-dca2-42ab-831b-0e503c02a7f4,2026-08-09 16:21:47.726000-05:00,2026-08-09,3,16
88daa1e6-dca2-42ab-831b-0e503c02a7f4,2026-08-09 16:23:38.975000-05:00,2026-08-09,3,16
c93efd9e-de64-4177-a14e-e79f945eb252,2026-08-09 16:24:47.091000-05:00,2026-08-09,3,16
06253c9e-3f78-4868-849e-5564a55a9d0a,2026-08-09 16:24:47.091000-05:00,2026-08-09,3,16
c93efd9e-de64-4177-a14e-e79f945eb252,2026-08-09 16:26:34.732000-05:00,2026-08-09,3,16
06253c9e-3f78-4868-849e-5564a55a9d0a,2026-08-09 16:26:34.732000-05:00,2026-08-09,3,16
88daa1e6-dca2-42ab-831b-0e503c02a7f4,2026-08-09 16:27:19.855000-05:00,2026-08-09,3,16
88daa1e6-dca2-42ab-831b-0e503c02a7f4,2026-08-09 16:29:52.471000-05:00,2026-08-09,3,16
88daa1e6-dca2-42ab-831b-0e503c02a7f4,2026-08-09 16:32:04.724000-05:00,2026-08-09,3,16
88daa1e6-dca2-42ab-831b-0e503c02a7f4,2026-08-09 16:34:23.917000-05:00,2026-08-09,3,16
c93efd9e-de64-4177-a14e-e79f945eb252,2026-08-09 16:35:23.314000-05:00,2026-08-09,3,16
06253c9e-3f78-4868-849e-5564a55a9d0a,2026-08-09 16:35:23.314000-05:00,2026-08-09,3,16
88daa1e6-dca2-42ab-831b-0e503c02a7f4,2026-08-09 16:37:07.863000-05:00,2026-08-09,3,16
c93efd9e-de64-4177-a14e-e79f945eb252,2026-08-09 16:39:18.251000-05:00,2026-08-09,3,16
06253c9e-3f78-4868-849e-5564a55a9d0a,2026-08-09 16:39:18.251000-05:00,2026-08-09,3,16
88daa1e6-dca2-42ab-831b-0e503c02a7f4,2026-08-09 16:39:52.697000-05:00,2026-08-09,3,16
06253c9e-3f78-4868-849e-5564a55a9d0a,2026-08-09 16:41:05.202000-05:00,2026-08-09,3,16
c93efd9e-de64-4177-a14e-e79f945eb252,2026-08-09 16:41:05.202000-05:00,2026-08-09,3,16
c93efd9e-de64-4177-a14e-e79f945eb252,2026-08-09 16:44:48.542000-05:00,2026-08-09,3,16
06253c9e-3f78-4868-849e-5564a55a9d0a,2026-08-09 16:44:48.542000-05:00,2026-08-09,3,16
88daa1e6-dca2-42ab-831b-0e503c02a7f4,2026-08-09 16:45:34.106000-05:00,2026-08-09,3,16
88daa1e6-dca2-42ab-831b-0e503c02a7f4,2026-08-09 16:47:50.707000-05:00,2026-08-09,3,16
88daa1e6-dca2-42ab-831b-0e503c02a7f4,2026-08-09 16:52:04.559000-05:00,2026-08-09,3,16
88daa1e6-dca2-42ab-831b-0e503c02a7f4,2026-08-09 16:54:22.088000-05:00,2026-08-09,3,16
88daa1e6-dca2-42ab-831b-0e503c02a7f4,2026-08-09 16:59:06.743000-05:00,2026-08-09,3,16
88daa1e6-dca2-42ab-831b-0e503c02a7f4,2026-08-09 17:04:48.922000-05:00,2026-08-09,3,17
88daa1e6-dca2-42ab-831b-0e503c02a7f4,2026-08-09 17:10:00.781000-05:00,2026-08-09,3,17
88daa1e6-dca2-42ab-831b-0e503c02a7f4,2026-08-09 17:16:06.315000-05:00,2026-08-09,3,17
06253c9e-3f78-4868-849e-5564a55a9d0a,2026-08-09 17:18:26.978000-05:00,2026-08-09,3,17
c93efd9e-de64-4177-a14e-e79f945eb252,2026-08-09 17:18:26.978000-05:00,2026-08-09,3,17
88daa1e6-dca2-42ab-831b-0e503c02a7f4,2026-08-09 17:19:26.283000-05:00,2026-08-09,3,17
88daa1e6-dca2-42ab-831b-0e503c02a7f4,2026-08-09 17:21:34.311000-05:00,2026-08-09,3,17
88daa1e6-dca2-42ab-831b-0e503c02a7f4,2026-08-09 17:24:21.162000-05:00,2026-08-09,3,17
06253c9e-3f78-4868-849e-5564a55a9d0a,2026-08-09 17:27:16.293000-05:00,2026-08-09,3,17
c93efd9e-de64-4177-a14e-e79f945eb252,2026-08-09 17:27:16.293000-05:00,2026-08-09,3,17
c93efd9e-de64-4177-a14e-e79f945eb252,2026-08-09 17:30:53.164000-05:00,2026-08-09,3,17
88daa1e6-dca2-42ab-831b-0e503c02a7f4,2026-08-09 17:33:34.983000-05:00,2026-08-09,3,17
88daa1e6-dca2-42ab-831b-0e503c02a7f4,2026-08-09 17:36:00.478000-05:00,2026-08-09,3,17
88daa1e6-dca2-42ab-831b-0e503c02a7f4,2026-08-09 17:38:44.784000-05:00,2026-08-09,3,17
88daa1e6-dca2-42ab-831b-0e503c02a7f4,2026-08-09 17:39:31.354000-05:00,2026-08-09,3,17
88daa1e6-dca2-42ab-831b-0e503c02a7f4,2026-08-09 17:39:31.361000-05:00,2026-08-09,3,17
c93efd9e-de64-4177-a14e-e79f945eb252,2026-08-09 17:40:17.417000-05:00,2026-08-09,3,17
88daa1e6-dca2-42ab-831b-0e503c02a7f4,2026-08-09 17:40:32.552000-05:00,2026-08-09,3,17
88daa1e6-dca2-42ab-831b-0e503c02a7f4,2026-08-09 17:45:16.501000-05:00,2026-08-09,2,17
c93efd9e-de64-4177-a14e-e79f945eb252,2026-08-09 17:45:20.378000-05:00,2026-08-09,2,17
88daa1e6-dca2-42ab-831b-0e503c02a7f4,2026-08-09 18:29:42.900000-05:00,2026-08-09,2,18
c93efd9e-de64-4177-a14e-e79f945eb252,2026-08-09 18:29:46.118000-05:00,2026-08-09,2,18
88daa1e6-dca2-42ab-831b-0e503c02a7f4,2026-08-09 18:30:36.655000-05:00,2026-08-09,2,18
c93efd9e-de64-4177-a14e-e79f945eb252,2026-08-09 18:30:46.661000-05:00,2026-08-09,2,18
c93efd9e-de64-4177-a14e-e79f945eb252,2026-08-09 18:31:57.182000-05:00,2026-08-09,2,18
c93efd9e-de64-4177-a14e-e79f945eb252,2026-08-09 18:32:35.379000-05:00,2026-08-09,2,18
c93efd9e-de64-4177-a14e-e79f945eb252,2026-08-09 18:33:31.215000-05:00,2026-08-09,2,18
c93efd9e-de64-4177-a14e-e79f945eb252,2026-08-09 18:34:18.862000-05:00,2026-08-09,2,18
88daa1e6-dca2-42ab-831b-0e503c02a7f4,2026-08-09 18:35:34.946000-05:00,2026-08-09,2,18
88daa1e6-dca2-42ab-831b-0e503c02a7f4,2026-08-09 18:37:55.325000-05:00,2026-08-09,2,18
88daa1e6-dca2-42ab-831b-0e503c02a7f4,2026-08-09 18:50:12.231000-05:00,2026-08-09,2,18
88daa1e6-dca2-42ab-831b-0e503c02a7f4,2026-08-09 18:51:29.445000-05:00,2026-08-09,2,18
88daa1e6-dca2-42ab-831b-0e503c02a7f4,2026-08-09 18:53:42.531000-05:00,2026-08-09,2,18
88daa1e6-dca2-42ab-831b-0e503c02a7f4,2026-08-09 18:55:17.692000-05:00,2026-08-09,2,18
c93efd9e-de64-4177-a14e-e79f945eb252,2026-08-09 18:55:34.466000-05:00,2026-08-09,2,18
88daa1e6-dca2-42ab-831b-0e503c02a7f4,2026-08-09 18:57:47.979000-05:00,2026-08-09,2,18
88daa1e6-dca2-42ab-831b-0e503c02a7f4,2026-08-09 19:00:14.519000-05:00,2026-08-09,2,19
88daa1e6-dca2-42ab-831b-0e503c02a7f4,2026-08-09 19:00:32.375000-05:00,2026-08-09,2,19
c93efd9e-de64-4177-a14e-e79f945eb252,2026-08-09 19:01:43.596000-05:00,2026-08-09,2,19
88daa1e6-dca2-42ab-831b-0e503c02a7f4,2026-08-09 19:01:56.861000-05:00,2026-08-09,2,19
88daa1e6-dca2-42ab-831b-0e503c02a7f4,2026-08-09 19:04:21.142000-05:00,2026-08-09,2,19
c93efd9e-de64-4177-a14e-e79f945eb252,2026-08-09 19:05:22.606000-05:00,2026-08-09,2,19
c93efd9e-de64-4177-a14e-e79f945eb252,2026-08-09 19:06:17.394000-05:00,2026-08-09,2,19
88daa1e6-dca2-42ab-831b-0e503c02a7f4,2026-08-09 19:07:32.861000-05:00,2026-08-09,2,19
c93efd9e-de64-4177-a14e-e79f945eb252,2026-08-09 19:09:19.402000-05:00,2026-08-09,2,19
88daa1e6-dca2-42ab-831b-0e503c02a7f4,2026-08-09 19:10:33.727000-05:00,2026-08-09,2,19
c93efd9e-de64-4177-a14e-e79f945eb252,2026-08-09 19:11:25.718000-05:00,2026-08-09,2,19
88daa1e6-dca2-42ab-831b-0e503c02a7f4,2026-08-09 19:12:08.897000-05:00,2026-08-09,2,19
c93efd9e-de64-4177-a14e-e79f945eb252,2026-08-09 19:13:36.228000-05:00,2026-08-09,2,19
88daa1e6-dca2-42ab-831b-0e503c02a7f4,2026-08-09 19:14:19.245000-05:00,2026-08-09,2,19
c93efd9e-de64-4177-a14e-e79f945eb252,2026-08-09 19:15:38.265000-05:00,2026-08-09,2,19
88daa1e6-dca2-42ab-831b-0e503c02a7f4,2026-08-09 19:18:35.864000-05:00,2026-08-09,2,19
c93efd9e-de64-4177-a14e-e79f945eb252,2026-08-09 19:19:05.036000-05:00,2026-08-09,2,19
c93efd9e-de64-4177-a14e-e79f945eb252,2026-08-09 19:24:28.241000-05:00,2026-08-09,2,19
88daa1e6-dca2-42ab-831b-0e503c02a7f4,2026-08-09 19:28:48.578000-05:00,2026-08-09,2,19
c93efd9e-de64-4177-a14e-e79f945eb252,2026-08-09 19:30:47.812000-05:00,2026-08-09,2,19
c93efd9e-de64-4177-a14e-e79f945eb252,2026-08-09 19:31:32.011000-05:00,2026-08-09,2,19
88daa1e6-dca2-42ab-831b-0e503c02a7f4,2026-08-09 20:02:40.331000-05:00,2026-08-09,1,20
88daa1e6-dca2-42ab-831b-0e503c02a7f4,2026-08-09 20:04:10.303000-05:00,2026-08-09,1,20
88daa1e6-dca2-42ab-831b-0e503c02a7f4,2026-08-09 20:07:33.532000-05:00,2026-08-09,1,20
88daa1e6-dca2-42ab-831b-0e503c02a7f4,2026-08-09 20:09:45.324000-05:00,2026-08-09,1,20
88daa1e6-dca2-42ab-831b-0e503c02a7f4,2026-08-09 20:11:23.933000-05:00,2026-08-09,1,20
88daa1e6-dca2-42ab-831b-0e503c02a7f4,2026-08-09 20:14:29.351000-05:00,2026-08-09,1,20
c93efd9e-de64-4177-a14e-e79f945eb252,2026-08-09 20:48:28.466000-05:00,2026-08-09,2,20
88daa1e6-dca2-42ab-831b-0e503c02a7f4,2026-08-09 20:57:11.727000-05:00,2026-08-09,2,20
c93efd9e-de64-4177-a14e-e79f945eb252,2026-08-09 20:57:29.148000-05:00,2026-08-09,2,20
88daa1e6-dca2-42ab-831b-0e503c02a7f4,2026-08-09 20:58:40.938000-05:00,2026-08-09,2,20
c93efd9e-de64-4177-a14e-e79f945eb252,2026-08-09 21:32:32.669000-05:00,2026-08-09,1,21
c93efd9e-de64-4177-a14e-e79f945eb252,2026-08-09 21:45:01.915000-05:00,2026-08-09,1,21
c93efd9e-de64-4177-a14e-e79f945eb252,2026-08-09 22:01:14.268000-05:00,2026-08-09,1,22
c93efd9e-de64-4177-a14e-e79f945eb252,2026-08-09 22:11:11.504000-05:00,2026-08-09,1,22
c93efd9e-de64-4177-a14e-e79f945eb252,2026-08-09 22:12:42.948000-05:00,2026-08-09,1,22
c93efd9e-de64-4177-a14e-e79f945eb252,2026-08-09 22:30:37.214000-05:00,2026-08-09,1,22
c93efd9e-de64-4177-a14e-e79f945eb252,2026-08-09 22:46:57.660000-05:00,2026-08-09,1,22
c93efd9e-de64-4177-a14e-e79f945eb252,2026-08-10 09:20:45.361000-05:00,2026-08-10,2,9
c93efd9e-de64-4177-a14e-e79f945eb252,2026-08-10 09:28:37.580000-05:00,2026-08-10,2,9
c93efd9e-de64-4177-a14e-e79f945eb252,2026-08-10 09:29:46.632000-05:00,2026-08-10,2,9
88daa1e6-dca2-42ab-831b-0e503c02a7f4,2026-08-10 09:30:30.956000-05:00,2026-08-10,2,9
88daa1e6-dca2-42ab-831b-0e503c02a7f4,2026-08-10 09:32:50.013000-05:00,2026-08-10,3,9
88daa1e6-dca2-42ab-831b-0e503c02a7f4,2026-08-10 09:37:11.143000-05:00,2026-08-10,3,9
c93efd9e-de64-4177-a14e-e79f945eb252,2026-08-10 09:38:35.209000-05:00,2026-08-10,4,9
88daa1e6-dca2-42ab-831b-0e503c02a7f4,2026-08-10 09:45:55.566000-05:00,2026-08-10,4,9
3ce8c2bb-e627-4414-b7f0-3e74860ea4a9,2026-08-10 09:46:33.909000-05:00,2026-08-10,4,9
3ce8c2bb-e627-4414-b7f0-3e74860ea4a9,2026-08-10 09:48:19.648000-05:00,2026-08-10,4,9
3ce8c2bb-e627-4414-b7f0-3e74860ea4a9,2026-08-10 09:49:42.260000-05:00,2026-08-10,4,9
88daa1e6-dca2-42ab-831b-0e503c02a7f4,2026-08-10 09:50:59.746000-05:00,2026-08-10,4,9
c93efd9e-de64-4177-a14e-e79f945eb252,2026-08-10 09:51:11.268000-05:00,2026-08-10,4,9
6edd17a6-cdc4-4220-9969-d6005f2b8654,2026-08-10 09:52:39.792000-05:00,2026-08-10,4,9
3ce8c2bb-e627-4414-b7f0-3e74860ea4a9,2026-08-10 09:53:20.401000-05:00,2026-08-10,4,9
3ce8c2bb-e627-4414-b7f0-3e74860ea4a9,2026-08-10 09:54:33.377000-05:00,2026-08-10,4,9
3ce8c2bb-e627-4414-b7f0-3e74860ea4a9,2026-08-10 09:57:52.346000-05:00,2026-08-10,4,9
6edd17a6-cdc4-4220-9969-d6005f2b8654,2026-08-10 09:59:13.793000-05:00,2026-08-10,4,9
3ce8c2bb-e627-4414-b7f0-3e74860ea4a9,2026-08-10 10:03:02.813000-05:00,2026-08-10,4,10
3ce8c2bb-e627-4414-b7f0-3e74860ea4a9,2026-08-10 10:04:02.057000-05:00,2026-08-10,4,10
3ce8c2bb-e627-4414-b7f0-3e74860ea4a9,2026-08-10 10:04:36.067000-05:00,2026-08-10,4,10
3ce8c2bb-e627-4414-b7f0-3e74860ea4a9,2026-08-10 10:06:00.313000-05:00,2026-08-10,3,10
3ce8c2bb-e627-4414-b7f0-3e74860ea4a9,2026-08-10 10:07:20.749000-05:00,2026-08-10,2,10
3ce8c2bb-e627-4414-b7f0-3e74860ea4a9,2026-08-10 10:07:35.495000-05:00,2026-08-10,2,10
3ce8c2bb-e627-4414-b7f0-3e74860ea4a9,2026-08-10 10:07:59.987000-05:00,2026-08-10,2,10
3ce8c2bb-e627-4414-b7f0-3e74860ea4a9,2026-08-10 10:08:44.308000-05:00,2026-08-10,2,10
3ce8c2bb-e627-4414-b7f0-3e74860ea4a9,2026-08-10 10:09:11.053000-05:00,2026-08-10,2,10
3ce8c2bb-e627-4414-b7f0-3e74860ea4a9,2026-08-10 10:11:17.746000-05:00,2026-08-10,2,10
3ce8c2bb-e627-4414-b7f0-3e74860ea4a9,2026-08-10 10:12:17.449000-05:00,2026-08-10,2,10
3ce8c2bb-e627-4414-b7f0-3e74860ea4a9,2026-08-10 10:12:44.126000-05:00,2026-08-10,2,10
3ce8c2bb-e627-4414-b7f0-3e74860ea4a9,2026-08-10 10:15:41.746000-05:00,2026-08-10,2,10
6edd17a6-cdc4-4220-9969-d6005f2b8654,2026-08-10 10:17:08.275000-05:00,2026-08-10,2,10
3ce8c2bb-e627-4414-b7f0-3e74860ea4a9,2026-08-10 10:19:51.680000-05:00,2026-08-10,2,10
3ce8c2bb-e627-4414-b7f0-3e74860ea4a9,2026-08-10 10:20:48.837000-05:00,2026-08-10,2,10
3ce8c2bb-e627-4414-b7f0-3e74860ea4a9,2026-08-10 10:22:48.362000-05:00,2026-08-10,2,10
3ce8c2bb-e627-4414-b7f0-3e74860ea4a9,2026-08-10 10:24:01.959000-05:00,2026-08-10,2,10
3ce8c2bb-e627-4414-b7f0-3e74860ea4a9,2026-08-10 10:25:01.609000-05:00,2026-08-10,2,10
3ce8c2bb-e627-4414-b7f0-3e74860ea4a9,2026-08-10 10:32:22.124000-05:00,2026-08-10,1,10
3ce8c2bb-e627-4414-b7f0-3e74860ea4a9,2026-08-10 10:38:46.428000-05:00,2026-08-10,1,10
3ce8c2bb-e627-4414-b7f0-3e74860ea4a9,2026-08-10 10:43:52.885000-05:00,2026-08-10,1,10
3ce8c2bb-e627-4414-b7f0-3e74860ea4a9,2026-08-10 11:21:19.094000-05:00,2026-08-10,2,11
6edd17a6-cdc4-4220-9969-d6005f2b8654,2026-08-10 11:24:49.651000-05:00,2026-08-10,2,11
6edd17a6-cdc4-4220-9969-d6005f2b8654,2026-08-10 11:26:57.236000-05:00,2026-08-10,2,11
6edd17a6-cdc4-4220-9969-d6005f2b8654,2026-08-10 11:28:53.624000-05:00,2026-08-10,2,11
6edd17a6-cdc4-4220-9969-d6005f2b8654,2026-08-10 11:29:17.460000-05:00,2026-08-10,2,11
6edd17a6-cdc4-4220-9969-d6005f2b8654,2026-08-10 11:32:37.421000-05:00,2026-08-10,2,11
6edd17a6-cdc4-4220-9969-d6005f2b8654,2026-08-10 11:35:27.249000-05:00,2026-08-10,2,11
6edd17a6-cdc4-4220-9969-d6005f2b8654,2026-08-10 11:36:12.890000-05:00,2026-08-10,2,11
3ce8c2bb-e627-4414-b7f0-3e74860ea4a9,2026-08-10 11:38:38.906000-05:00,2026-08-10,2,11
3ce8c2bb-e627-4414-b7f0-3e74860ea4a9,2026-08-10 11:39:36.807000-05:00,2026-08-10,2,11
6edd17a6-cdc4-4220-9969-d6005f2b8654,2026-08-10 11:52:12.422000-05:00,2026-08-10,2,11
6edd17a6-cdc4-4220-9969-d6005f2b8654,2026-08-10 11:54:11.634000-05:00,2026-08-10,2,11
6edd17a6-cdc4-4220-9969-d6005f2b8654,2026-08-10 11:59:02.991000-05:00,2026-08-10,2,11
3ce8c2bb-e627-4414-b7f0-3e74860ea4a9,2026-08-10 12:02:22.965000-05:00,2026-08-10,2,12
3ce8c2bb-e627-4414-b7f0-3e74860ea4a9,2026-08-10 12:03:31.273000-05:00,2026-08-10,2,12
3ce8c2bb-e627-4414-b7f0-3e74860ea4a9,2026-08-10 12:04:03.644000-05:00,2026-08-10,2,12
3ce8c2bb-e627-4414-b7f0-3e74860ea4a9,2026-08-10 12:06:29.992000-05:00,2026-08-10,2,12
3ce8c2bb-e627-4414-b7f0-3e74860ea4a9,2026-08-10 12:07:34.368000-05:00,2026-08-10,2,12
3ce8c2bb-e627-4414-b7f0-3e74860ea4a9,2026-08-10 12:08:57.280000-05:00,2026-08-10,2,12
6edd17a6-cdc4-4220-9969-d6005f2b8654,2026-08-10 12:10:37.297000-05:00,2026-08-10,2,12
3ce8c2bb-e627-4414-b7f0-3e74860ea4a9,2026-08-10 12:10:56.247000-05:00,2026-08-10,2,12
3ce8c2bb-e627-4414-b7f0-3e74860ea4a9,2026-08-10 12:14:34.222000-05:00,2026-08-10,2,12
3ce8c2bb-e627-4414-b7f0-3e74860ea4a9,2026-08-10 12:15:00.154000-05:00,2026-08-10,2,12
3ce8c2bb-e627-4414-b7f0-3e74860ea4a9,2026-08-10 12:15:49.360000-05:00,2026-08-10,2,12
3ce8c2bb-e627-4414-b7f0-3e74860ea4a9,2026-08-10 12:19:22.816000-05:00,2026-08-10,2,12
6edd17a6-cdc4-4220-9969-d6005f2b8654,2026-08-10 12:21:39.350000-05:00,2026-08-10,2,12
3ce8c2bb-e627-4414-b7f0-3e74860ea4a9,2026-08-10 12:22:15.317000-05:00,2026-08-10,2,12
3ce8c2bb-e627-4414-b7f0-3e74860ea4a9,2026-08-10 12:26:21.798000-05:00,2026-08-10,2,12
3ce8c2bb-e627-4414-b7f0-3e74860ea4a9,2026-08-10 12:29:26.690000-05:00,2026-08-10,2,12
3ce8c2bb-e627-4414-b7f0-3e74860ea4a9,2026-08-10 14:29:41.139000-05:00,2026-08-10,2,14
3ce8c2bb-e627-4414-b7f0-3e74860ea4a9,2026-08-10 14:37:42.137000-05:00,2026-08-10,2,14
c93efd9e-de64-4177-a14e-e79f945eb252,2026-08-10 14:38:42.273000-05:00,2026-08-10,2,14
3ce8c2bb-e627-4414-b7f0-3e74860ea4a9,2026-08-10 14:52:28.011000-05:00,2026-08-10,3,14
3ce8c2bb-e627-4414-b7f0-3e74860ea4a9,2026-08-10 14:54:39.539000-05:00,2026-08-10,3,14
c93efd9e-de64-4177-a14e-e79f945eb252,2026-08-10 14:55:50.566000-05:00,2026-08-10,3,14
209deba3-3d7a-432c-8bb8-761639262fde,2026-08-10 14:58:03.019000-05:00,2026-08-10,3,14
3ce8c2bb-e627-4414-b7f0-3e74860ea4a9,2026-08-10 14:59:30.068000-05:00,2026-08-10,3,14
3ce8c2bb-e627-4414-b7f0-3e74860ea4a9,2026-08-10 15:01:14.919000-05:00,2026-08-10,3,15
209deba3-3d7a-432c-8bb8-761639262fde,2026-08-10 15:04:35.898000-05:00,2026-08-10,4,15
209deba3-3d7a-432c-8bb8-761639262fde,2026-08-10 15:10:23.287000-05:00,2026-08-10,4,15
209deba3-3d7a-432c-8bb8-761639262fde,2026-08-10 15:11:23.851000-05:00,2026-08-10,3,15
3ce8c2bb-e627-4414-b7f0-3e74860ea4a9,2026-08-10 15:13:43.754000-05:00,2026-08-10,3,15
209deba3-3d7a-432c-8bb8-761639262fde,2026-08-10 15:14:35.185000-05:00,2026-08-10,3,15
209deba3-3d7a-432c-8bb8-761639262fde,2026-08-10 15:17:00.767000-05:00,2026-08-10,3,15
70db92a4-8219-4f05-bab6-a9d8d06d6f7f,2026-08-10 15:19:05.480000-05:00,2026-08-10,3,15
70db92a4-8219-4f05-bab6-a9d8d06d6f7f,2026-08-10 15:19:39.523000-05:00,2026-08-10,3,15
70db92a4-8219-4f05-bab6-a9d8d06d6f7f,2026-08-10 15:32:04.705000-05:00,2026-08-10,2,15
70db92a4-8219-4f05-bab6-a9d8d06d6f7f,2026-08-10 15:33:36.106000-05:00,2026-08-10,2,15
3ce8c2bb-e627-4414-b7f0-3e74860ea4a9,2026-08-10 15:35:04.419000-05:00,2026-08-10,2,15
70db92a4-8219-4f05-bab6-a9d8d06d6f7f,2026-08-10 15:37:02.492000-05:00,2026-08-10,2,15
70db92a4-8219-4f05-bab6-a9d8d06d6f7f,2026-08-10 15:39:17.487000-05:00,2026-08-10,2,15
70db92a4-8219-4f05-bab6-a9d8d06d6f7f,2026-08-10 15:39:52.537000-05:00,2026-08-10,2,15
70db92a4-8219-4f05-bab6-a9d8d06d6f7f,2026-08-10 15:41:17.118000-05:00,2026-08-10,2,15
70db92a4-8219-4f05-bab6-a9d8d06d6f7f,2026-08-10 15:43:55.248000-05:00,2026-08-10,2,15
70db92a4-8219-4f05-bab6-a9d8d06d6f7f,2026-08-10 15:47:13.721000-05:00,2026-08-10,2,15
3ce8c2bb-e627-4414-b7f0-3e74860ea4a9,2026-08-10 15:48:01.895000-05:00,2026-08-10,2,15
70db92a4-8219-4f05-bab6-a9d8d06d6f7f,2026-08-10 15:51:17.767000-05:00,2026-08-10,2,15
70db92a4-8219-4f05-bab6-a9d8d06d6f7f,2026-08-10 15:54:57.232000-05:00,2026-08-10,2,15
70db92a4-8219-4f05-bab6-a9d8d06d6f7f,2026-08-10 15:56:49.597000-05:00,2026-08-10,2,15
70db92a4-8219-4f05-bab6-a9d8d06d6f7f,2026-08-10 15:59:51.423000-05:00,2026-08-10,2,15
70db92a4-8219-4f05-bab6-a9d8d06d6f7f,2026-08-10 16:01:40.633000-05:00,2026-08-10,2,16
70db92a4-8219-4f05-bab6-a9d8d06d6f7f,2026-08-10 16:03:06.745000-05:00,2026-08-10,1,16
70db92a4-8219-4f05-bab6-a9d8d06d6f7f,2026-08-10 16:05:11.635000-05:00,2026-08-10,1,16
70db92a4-8219-4f05-bab6-a9d8d06d6f7f,2026-08-10 16:06:47.999000-05:00,2026-08-10,2,16
3ce8c2bb-e627-4414-b7f0-3e74860ea4a9,2026-08-10 16:21:05.457000-05:00,2026-08-10,2,16
70db92a4-8219-4f05-bab6-a9d8d06d6f7f,2026-08-10 16:23:28.002000-05:00,2026-08-10,2,16
70db92a4-8219-4f05-bab6-a9d8d06d6f7f,2026-08-10 16:25:53.382000-05:00,2026-08-10,2,16
70db92a4-8219-4f05-bab6-a9d8d06d6f7f,2026-08-10 16:26:28.128000-05:00,2026-08-10,2,16
70db92a4-8219-4f05-bab6-a9d8d06d6f7f,2026-08-10 16:31:34.918000-05:00,2026-08-10,3,16
70db92a4-8219-4f05-bab6-a9d8d06d6f7f,2026-08-10 16:32:35.796000-05:00,2026-08-10,3,16
70db92a4-8219-4f05-bab6-a9d8d06d6f7f,2026-08-10 16:43:10.125000-05:00,2026-08-10,3,16
c93efd9e-de64-4177-a14e-e79f945eb252,2026-08-10 16:43:46.698000-05:00,2026-08-10,3,16
c93efd9e-de64-4177-a14e-e79f945eb252,2026-08-10 16:45:40.844000-05:00,2026-08-10,3,16
70db92a4-8219-4f05-bab6-a9d8d06d6f7f,2026-08-10 16:45:44.839000-05:00,2026-08-10,3,16
70db92a4-8219-4f05-bab6-a9d8d06d6f7f,2026-08-10 16:47:25.248000-05:00,2026-08-10,3,16
c93efd9e-de64-4177-a14e-e79f945eb252,2026-08-10 16:49:22.964000-05:00,2026-08-10,3,16
70db92a4-8219-4f05-bab6-a9d8d06d6f7f,2026-08-10 16:49:51.526000-05:00,2026-08-10,3,16
67a858c2-d9c6-4331-a789-f6825f36310a,2026-08-10 16:55:41.136000-05:00,2026-08-10,4,16
70db92a4-8219-4f05-bab6-a9d8d06d6f7f,2026-08-10 17:02:46.483000-05:00,2026-08-10,4,17
67a858c2-d9c6-4331-a789-f6825f36310a,2026-08-10 17:05:13.580000-05:00,2026-08-10,4,17
c25fbbfa-7a62-45a4-8a19-01b8b261c301,2026-08-10 17:05:49.403000-05:00,2026-08-10,4,17
70db92a4-8219-4f05-bab6-a9d8d06d6f7f,2026-08-10 17:06:00.774000-05:00,2026-08-10,4,17
c25fbbfa-7a62-45a4-8a19-01b8b261c301,2026-08-10 17:09:01.068000-05:00,2026-08-10,4,17
67a858c2-d9c6-4331-a789-f6825f36310a,2026-08-10 17:09:30.528000-05:00,2026-08-10,4,17
67a858c2-d9c6-4331-a789-f6825f36310a,2026-08-10 17:09:34.260000-05:00,2026-08-10,4,17
c93efd9e-de64-4177-a14e-e79f945eb252,2026-08-10 17:11:29.199000-05:00,2026-08-10,4,17
c25fbbfa-7a62-45a4-8a19-01b8b261c301,2026-08-10 17:13:40.320000-05:00,2026-08-10,4,17
c93efd9e-de64-4177-a14e-e79f945eb252,2026-08-10 17:16:44.862000-05:00,2026-08-10,4,17
c93efd9e-de64-4177-a14e-e79f945eb252,2026-08-10 17:17:57.033000-05:00,2026-08-10,4,17
c25fbbfa-7a62-45a4-8a19-01b8b261c301,2026-08-10 17:21:49.413000-05:00,2026-08-10,4,17
c93efd9e-de64-4177-a14e-e79f945eb252,2026-08-10 17:22:56.876000-05:00,2026-08-10,4,17
c93efd9e-de64-4177-a14e-e79f945eb252,2026-08-10 17:25:19.585000-05:00,2026-08-10,3,17
c93efd9e-de64-4177-a14e-e79f945eb252,2026-08-10 17:26:30.324000-05:00,2026-08-10,3,17
c93efd9e-de64-4177-a14e-e79f945eb252,2026-08-10 17:27:46.967000-05:00,2026-08-10,3,17
c93efd9e-de64-4177-a14e-e79f945eb252,2026-08-10 17:29:27.604000-05:00,2026-08-10,3,17
70db92a4-8219-4f05-bab6-a9d8d06d6f7f,2026-08-10 17:29:32.062000-05:00,2026-08-10,3,17
c25fbbfa-7a62-45a4-8a19-01b8b261c301,2026-08-10 17:32:29.996000-05:00,2026-08-10,3,17
c93efd9e-de64-4177-a14e-e79f945eb252,2026-08-10 17:33:03.903000-05:00,2026-08-10,3,17
70db92a4-8219-4f05-bab6-a9d8d06d6f7f,2026-08-10 17:38:00.662000-05:00,2026-08-10,3,17
70db92a4-8219-4f05-bab6-a9d8d06d6f7f,2026-08-10 17:38:44.345000-05:00,2026-08-10,3,17
c25fbbfa-7a62-45a4-8a19-01b8b261c301,2026-08-10 17:42:06.263000-05:00,2026-08-10,3,17
70db92a4-8219-4f05-bab6-a9d8d06d6f7f,2026-08-10 17:42:12.583000-05:00,2026-08-10,3,17
c93efd9e-de64-4177-a14e-e79f945eb252,2026-08-10 17:45:40.700000-05:00,2026-08-10,4,17
c93efd9e-de64-4177-a14e-e79f945eb252,2026-08-10 17:50:23.855000-05:00,2026-08-10,4,17
c25fbbfa-7a62-45a4-8a19-01b8b261c301,2026-08-10 17:51:15.817000-05:00,2026-08-10,4,17
c93efd9e-de64-4177-a14e-e79f945eb252,2026-08-10 17:55:39.326000-05:00,2026-08-10,4,17
93616048-16e1-4145-8488-dc7582158a1a,2026-08-10 17:57:28.501000-05:00,2026-08-10,3,17
c93efd9e-de64-4177-a14e-e79f945eb252,2026-08-10 17:59:35.767000-05:00,2026-08-10,3,17
c25fbbfa-7a62-45a4-8a19-01b8b261c301,2026-08-10 18:00:03.762000-05:00,2026-08-10,3,18
93616048-16e1-4145-8488-dc7582158a1a,2026-08-10 18:01:02.417000-05:00,2026-08-10,3,18
c93efd9e-de64-4177-a14e-e79f945eb252,2026-08-10 18:05:03.832000-05:00,2026-08-10,3,18
c25fbbfa-7a62-45a4-8a19-01b8b261c301,2026-08-10 18:06:43.452000-05:00,2026-08-10,3,18
c93efd9e-de64-4177-a14e-e79f945eb252,2026-08-10 18:06:54.242000-05:00,2026-08-10,3,18
c93efd9e-de64-4177-a14e-e79f945eb252,2026-08-10 18:07:33.628000-05:00,2026-08-10,3,18
c25fbbfa-7a62-45a4-8a19-01b8b261c301,2026-08-10 18:11:27.765000-05:00,2026-08-10,3,18
c25fbbfa-7a62-45a4-8a19-01b8b261c301,2026-08-10 18:13:04.142000-05:00,2026-08-10,3,18
c25fbbfa-7a62-45a4-8a19-01b8b261c301,2026-08-10 20:23:49.198000-05:00,2026-08-10,2,20
c93efd9e-de64-4177-a14e-e79f945eb252,2026-08-10 20:23:51.633000-05:00,2026-08-10,2,20
c93efd9e-de64-4177-a14e-e79f945eb252,2026-08-10 20:25:55.409000-05:00,2026-08-10,2,20
c93efd9e-de64-4177-a14e-e79f945eb252,2026-08-10 20:35:56.664000-05:00,2026-08-10,3,20
c8f7ad6a-9fbc-49cb-9403-51cff2ca5e0e,2026-08-10 20:43:25.094000-05:00,2026-08-10,2,20
c8f7ad6a-9fbc-49cb-9403-51cff2ca5e0e,2026-08-10 20:56:41.236000-05:00,2026-08-10,4,20
c8f7ad6a-9fbc-49cb-9403-51cff2ca5e0e,2026-08-10 20:57:43.279000-05:00,2026-08-10,4,20
a3c4858d-09b9-4105-8fa1-11495ac33601,2026-08-10 21:00:00.236000-05:00,2026-08-10,4,21
c93efd9e-de64-4177-a14e-e79f945eb252,2026-08-10 21:00:15.090000-05:00,2026-08-10,4,21
c93efd9e-de64-4177-a14e-e79f945eb252,2026-08-10 21:01:41.693000-05:00,2026-08-10,4,21
c25fbbfa-7a62-45a4-8a19-01b8b261c301,2026-08-10 21:02:55.171000-05:00,2026-08-10,4,21
c93efd9e-de64-4177-a14e-e79f945eb252,2026-08-10 21:06:26.377000-05:00,2026-08-10,4,21
a3c4858d-09b9-4105-8fa1-11495ac33601,2026-08-10 21:22:26.698000-05:00,2026-08-10,1,21
a3c4858d-09b9-4105-8fa1-11495ac33601,2026-08-10 21:23:59.213000-05:00,2026-08-10,2,21
a3c4858d-09b9-4105-8fa1-11495ac33601,2026-08-10 21:31:34.013000-05:00,2026-08-10,2,21
a3c4858d-09b9-4105-8fa1-11495ac33601,2026-08-10 21:33:58.244000-05:00,2026-08-10,2,21
a3c4858d-09b9-4105-8fa1-11495ac33601,2026-08-10 21:34:18.578000-05:00,2026-08-10,2,21
a3c4858d-09b9-4105-8fa1-11495ac33601,2026-08-10 21:37:43.024000-05:00,2026-08-10,2,21
c93efd9e-de64-4177-a14e-e79f945eb252,2026-08-10 21:37:48.958000-05:00,2026-08-10,2,21
a3c4858d-09b9-4105-8fa1-11495ac33601,2026-08-10 21:41:33.223000-05:00,2026-08-10,2,21
a3c4858d-09b9-4105-8fa1-11495ac33601,2026-08-10 21:48:43.702000-05:00,2026-08-10,2,21
c93efd9e-de64-4177-a14e-e79f945eb252,2026-08-10 21:58:28.407000-05:00,2026-08-10,3,21
c93efd9e-de64-4177-a14e-e79f945eb252,2026-08-10 22:01:00.929000-05:00,2026-08-10,3,22
c93efd9e-de64-4177-a14e-e79f945eb252,2026-08-10 22:01:33.301000-05:00,2026-08-10,3,22
c93efd9e-de64-4177-a14e-e79f945eb252,2026-08-10 22:03:56.728000-05:00,2026-08-10,3,22
c25fbbfa-7a62-45a4-8a19-01b8b261c301,2026-08-10 22:04:51.329000-05:00,2026-08-10,3,22
c93efd9e-de64-4177-a14e-e79f945eb252,2026-08-10 22:13:37.065000-05:00,2026-08-10,3,22
a3c4858d-09b9-4105-8fa1-11495ac33601,2026-08-10 22:15:31.404000-05:00,2026-08-10,3,22
c93efd9e-de64-4177-a14e-e79f945eb252,2026-08-10 22:18:10.492000-05:00,2026-08-10,3,22
c93efd9e-de64-4177-a14e-e79f945eb252,2026-08-10 22:24:51.454000-05:00,2026-08-10,2,22
c93efd9e-de64-4177-a14e-e79f945eb252,2026-08-10 22:27:58.780000-05:00,2026-08-10,2,22
c93efd9e-de64-4177-a14e-e79f945eb252,2026-08-10 22:42:59.648000-05:00,2026-08-10,1,22
c93efd9e-de64-4177-a14e-e79f945eb252,2026-08-10 22:44:16.288000-05:00,2026-08-10,1,22
c93efd9e-de64-4177-a14e-e79f945eb252,2026-08-10 22:44:49.734000-05:00,2026-08-10,1,22
c93efd9e-de64-4177-a14e-e79f945eb252,2026-08-10 22:55:49.340000-05:00,2026-08-10,2,22
c93efd9e-de64-4177-a14e-e79f945eb252,2026-08-10 22:58:12.317000-05:00,2026-08-10,2,22
c93efd9e-de64-4177-a14e-e79f945eb252,2026-08-10 23:00:25.185000-05:00,2026-08-10,2,23
a3c4858d-09b9-4105-8fa1-11495ac33601,2026-08-10 23:02:05.700000-05:00,2026-08-10,2,23
c93efd9e-de64-4177-a14e-e79f945eb252,2026-08-10 23:04:32.882000-05:00,2026-08-10,2,23
a3c4858d-09b9-4105-8fa1-11495ac33601,2026-08-10 23:04:59.001000-05:00,2026-08-10,2,23
c93efd9e-de64-4177-a14e-e79f945eb252,2026-08-10 23:05:31.814000-05:00,2026-08-10,2,23
c93efd9e-de64-4177-a14e-e79f945eb252,2026-08-10 23:07:19.907000-05:00,2026-08-10,2,23
c93efd9e-de64-4177-a14e-e79f945eb252,2026-08-10 23:10:58.756000-05:00,2026-08-10,2,23
c93efd9e-de64-4177-a14e-e79f945eb252,2026-08-10 23:15:57.287000-05:00,2026-08-10,2,23
c93efd9e-de64-4177-a14e-e79f945eb252,2026-08-10 23:24:23.265000-05:00,2026-08-10,1,23
48da1ae3-9883-4880-adaf-1441d96aecd0,2026-08-11 08:10:58.422000-05:00,2026-08-11,1,8
48da1ae3-9883-4880-adaf-1441d96aecd0,2026-08-11 08:19:11.098000-05:00,2026-08-11,1,8
48da1ae3-9883-4880-adaf-1441d96aecd0,2026-08-11 08:39:32.558000-05:00,2026-08-11,1,8
48da1ae3-9883-4880-adaf-1441d96aecd0,2026-08-11 08:49:06.501000-05:00,2026-08-11,2,8
c93efd9e-de64-4177-a14e-e79f945eb252,2026-08-11 08:56:45.200000-05:00,2026-08-11,2,8
48da1ae3-9883-4880-adaf-1441d96aecd0,2026-08-11 10:38:02.897000-05:00,2026-08-11,1,10
48da1ae3-9883-4880-adaf-1441d96aecd0,2026-08-11 10:42:53.876000-05:00,2026-08-11,2,10
1b3bf300-c142-4761-b14f-205099c04310,2026-08-11 10:54:13.483000-05:00,2026-08-11,3,10
a3c4858d-09b9-4105-8fa1-11495ac33601,2026-08-11 11:04:44.739000-05:00,2026-08-11,3,11
a3c4858d-09b9-4105-8fa1-11495ac33601,2026-08-11 11:05:42.657000-05:00,2026-08-11,4,11
48da1ae3-9883-4880-adaf-1441d96aecd0,2026-08-11 11:07:09.475000-05:00,2026-08-11,5,11
a3c4858d-09b9-4105-8fa1-11495ac33601,2026-08-11 11:07:58.290000-05:00,2026-08-11,5,11
48da1ae3-9883-4880-adaf-1441d96aecd0,2026-08-11 11:13:08.118000-05:00,2026-08-11,4,11
48da1ae3-9883-4880-adaf-1441d96aecd0,2026-08-11 11:13:50.933000-05:00,2026-08-11,4,11
48da1ae3-9883-4880-adaf-1441d96aecd0,2026-08-11 11:16:44.813000-05:00,2026-08-11,4,11
a3c4858d-09b9-4105-8fa1-11495ac33601,2026-08-11 11:19:22.449000-05:00,2026-08-11,5,11
c93efd9e-de64-4177-a14e-e79f945eb252,2026-08-11 11:19:51.339000-05:00,2026-08-11,5,11
1595ac9e-a70f-472a-8d06-c780eabf6abd,2026-08-11 11:21:47.663000-05:00,2026-08-11,5,11
1595ac9e-a70f-472a-8d06-c780eabf6abd,2026-08-11 11:24:26.733000-05:00,2026-08-11,5,11
1595ac9e-a70f-472a-8d06-c780eabf6abd,2026-08-11 11:27:14.237000-05:00,2026-08-11,5,11
c25fbbfa-7a62-45a4-8a19-01b8b261c301,2026-08-11 11:32:17.634000-05:00,2026-08-11,5,11
1595ac9e-a70f-472a-8d06-c780eabf6abd,2026-08-11 11:32:54.871000-05:00,2026-08-11,5,11
48da1ae3-9883-4880-adaf-1441d96aecd0,2026-08-11 11:34:40.689000-05:00,2026-08-11,4,11
1595ac9e-a70f-472a-8d06-c780eabf6abd,2026-08-11 11:35:16.174000-05:00,2026-08-11,4,11
c25fbbfa-7a62-45a4-8a19-01b8b261c301,2026-08-11 11:37:38.025000-05:00,2026-08-11,5,11
c25fbbfa-7a62-45a4-8a19-01b8b261c301,2026-08-11 11:39:53.246000-05:00,2026-08-11,5,11
48da1ae3-9883-4880-adaf-1441d96aecd0,2026-08-11 11:46:59.994000-05:00,2026-08-11,5,11
c25fbbfa-7a62-45a4-8a19-01b8b261c301,2026-08-11 11:47:32.249000-05:00,2026-08-11,5,11
3ce8c2bb-e627-4414-b7f0-3e74860ea4a9,2026-08-11 11:49:55.368000-05:00,2026-08-11,5,11
1b3bf300-c142-4761-b14f-205099c04310,2026-08-11 11:51:24.952000-05:00,2026-08-11,4,11
3ce8c2bb-e627-4414-b7f0-3e74860ea4a9,2026-08-11 11:55:35-05:00,2026-08-11,4,11
3ce8c2bb-e627-4414-b7f0-3e74860ea4a9,2026-08-11 11:56:12.309000-05:00,2026-08-11,4,11
3ce8c2bb-e627-4414-b7f0-3e74860ea4a9,2026-08-11 11:57:53.617000-05:00,2026-08-11,4,11
48da1ae3-9883-4880-adaf-1441d96aecd0,2026-08-11 12:02:16.783000-05:00,2026-08-11,4,12
48da1ae3-9883-4880-adaf-1441d96aecd0,2026-08-11 12:20:11.472000-05:00,2026-08-11,1,12
85b432ad-33a4-4662-9d5c-8e2e2b5a599b,2026-08-11 13:29:04.790000-05:00,2026-08-11,1,13
85b432ad-33a4-4662-9d5c-8e2e2b5a599b,2026-08-11 14:03:30.897000-05:00,2026-08-11,3,14
48da1ae3-9883-4880-adaf-1441d96aecd0,2026-08-11 14:03:55.302000-05:00,2026-08-11,3,14
85b432ad-33a4-4662-9d5c-8e2e2b5a599b,2026-08-11 14:04:56.666000-05:00,2026-08-11,3,14
85b432ad-33a4-4662-9d5c-8e2e2b5a599b,2026-08-11 14:05:52.290000-05:00,2026-08-11,3,14
48da1ae3-9883-4880-adaf-1441d96aecd0,2026-08-11 14:10:39.864000-05:00,2026-08-11,4,14
48da1ae3-9883-4880-adaf-1441d96aecd0,2026-08-11 14:12:49.803000-05:00,2026-08-11,4,14
1b3bf300-c142-4761-b14f-205099c04310,2026-08-11 14:14:19.338000-05:00,2026-08-11,4,14
48da1ae3-9883-4880-adaf-1441d96aecd0,2026-08-11 14:17:26.982000-05:00,2026-08-11,4,14
c25fbbfa-7a62-45a4-8a19-01b8b261c301,2026-08-11 14:22:47.404000-05:00,2026-08-11,3,14
48da1ae3-9883-4880-adaf-1441d96aecd0,2026-08-11 14:23:55.283000-05:00,2026-08-11,3,14
1b3bf300-c142-4761-b14f-205099c04310,2026-08-11 14:25:16.409000-05:00,2026-08-11,3,14
c25fbbfa-7a62-45a4-8a19-01b8b261c301,2026-08-11 14:28:19.471000-05:00,2026-08-11,3,14
1b3bf300-c142-4761-b14f-205099c04310,2026-08-11 14:28:57.779000-05:00,2026-08-11,3,14
48da1ae3-9883-4880-adaf-1441d96aecd0,2026-08-11 14:32:03.920000-05:00,2026-08-11,3,14
48da1ae3-9883-4880-adaf-1441d96aecd0,2026-08-11 14:32:42.671000-05:00,2026-08-11,3,14
1b3bf300-c142-4761-b14f-205099c04310,2026-08-11 14:42:32.802000-05:00,2026-08-11,3,14
c25fbbfa-7a62-45a4-8a19-01b8b261c301,2026-08-11 14:46:02.788000-05:00,2026-08-11,3,14
c25fbbfa-7a62-45a4-8a19-01b8b261c301,2026-08-11 14:52:38.908000-05:00,2026-08-11,2,14
1b3bf300-c142-4761-b14f-205099c04310,2026-08-11 14:56:04.389000-05:00,2026-08-11,2,14
1b3bf300-c142-4761-b14f-205099c04310,2026-08-11 14:58:51.083000-05:00,2026-08-11,2,14
1b3bf300-c142-4761-b14f-205099c04310,2026-08-11 15:01:20.784000-05:00,2026-08-11,2,15
1b3bf300-c142-4761-b14f-205099c04310,2026-08-11 15:04:01.402000-05:00,2026-08-11,2,15
1b3bf300-c142-4761-b14f-205099c04310,2026-08-11 15:14:51.129000-05:00,2026-08-11,2,15
1b3bf300-c142-4761-b14f-205099c04310,2026-08-11 15:16:32.686000-05:00,2026-08-11,2,15
1b3bf300-c142-4761-b14f-205099c04310,2026-08-11 15:20:02.182000-05:00,2026-08-11,2,15
c25fbbfa-7a62-45a4-8a19-01b8b261c301,2026-08-11 15:25:24.842000-05:00,2026-08-11,2,15
c25fbbfa-7a62-45a4-8a19-01b8b261c301,2026-08-11 15:41:35.602000-05:00,2026-08-11,1,15
c25fbbfa-7a62-45a4-8a19-01b8b261c301,2026-08-11 16:27:10.718000-05:00,2026-08-11,2,16
c93efd9e-de64-4177-a14e-e79f945eb252,2026-08-11 16:38:27.069000-05:00,2026-08-11,2,16
c93efd9e-de64-4177-a14e-e79f945eb252,2026-08-11 17:01:30.404000-05:00,2026-08-11,2,17
5f9c2d2e-49ed-466e-8cb5-fdc9104eb766,2026-08-11 17:02:22.824000-05:00,2026-08-11,3,17
5f9c2d2e-49ed-466e-8cb5-fdc9104eb766,2026-08-11 17:06:31.916000-05:00,2026-08-11,3,17
5f9c2d2e-49ed-466e-8cb5-fdc9104eb766,2026-08-11 17:08:10.336000-05:00,2026-08-11,3,17
5f9c2d2e-49ed-466e-8cb5-fdc9104eb766,2026-08-11 17:08:32.612000-05:00,2026-08-11,3,17
c25fbbfa-7a62-45a4-8a19-01b8b261c301,2026-08-11 17:17:15.837000-05:00,2026-08-11,3,17
c25fbbfa-7a62-45a4-8a19-01b8b261c301,2026-08-11 17:18:35.354000-05:00,2026-08-11,3,17
c25fbbfa-7a62-45a4-8a19-01b8b261c301,2026-08-11 17:22:28.291000-05:00,2026-08-11,3,17
c93efd9e-de64-4177-a14e-e79f945eb252,2026-08-11 17:24:45.013000-05:00,2026-08-11,3,17
c25fbbfa-7a62-45a4-8a19-01b8b261c301,2026-08-11 17:25:55.094000-05:00,2026-08-11,3,17
5f9c2d2e-49ed-466e-8cb5-fdc9104eb766,2026-08-11 17:29:44.077000-05:00,2026-08-11,3,17
5f9c2d2e-49ed-466e-8cb5-fdc9104eb766,2026-08-11 17:35:54.578000-05:00,2026-08-11,3,17
5f9c2d2e-49ed-466e-8cb5-fdc9104eb766,2026-08-11 17:36:07.371000-05:00,2026-08-11,3,17
5f9c2d2e-49ed-466e-8cb5-fdc9104eb766,2026-08-11 17:44:31.700000-05:00,2026-08-11,3,17
c93efd9e-de64-4177-a14e-e79f945eb252,2026-08-11 17:46:43.282000-05:00,2026-08-11,3,17
c25fbbfa-7a62-45a4-8a19-01b8b261c301,2026-08-11 17:46:49.939000-05:00,2026-08-11,3,17
c25fbbfa-7a62-45a4-8a19-01b8b261c301,2026-08-11 17:47:32.114000-05:00,2026-08-11,4,17
c25fbbfa-7a62-45a4-8a19-01b8b261c301,2026-08-11 17:49:21.347000-05:00,2026-08-11,4,17
c25fbbfa-7a62-45a4-8a19-01b8b261c301,2026-08-11 17:49:39.724000-05:00,2026-08-11,4,17
c25fbbfa-7a62-45a4-8a19-01b8b261c301,2026-08-11 17:51:15.724000-05:00,2026-08-11,4,17
c25fbbfa-7a62-45a4-8a19-01b8b261c301,2026-08-11 17:54:07.886000-05:00,2026-08-11,4,17
c93efd9e-de64-4177-a14e-e79f945eb252,2026-08-11 17:54:57.976000-05:00,2026-08-11,4,17
c93efd9e-de64-4177-a14e-e79f945eb252,2026-08-11 17:55:30.042000-05:00,2026-08-11,4,17
c25fbbfa-7a62-45a4-8a19-01b8b261c301,2026-08-11 17:57:20.096000-05:00,2026-08-11,4,17
c93efd9e-de64-4177-a14e-e79f945eb252,2026-08-11 17:59:11.458000-05:00,2026-08-11,5,17
48da1ae3-9883-4880-adaf-1441d96aecd0,2026-08-11 18:01:57.227000-05:00,2026-08-11,4,18
c93efd9e-de64-4177-a14e-e79f945eb252,2026-08-11 18:03:41.306000-05:00,2026-08-11,4,18
c93efd9e-de64-4177-a14e-e79f945eb252,2026-08-11 18:03:56.910000-05:00,2026-08-11,4,18
c93efd9e-de64-4177-a14e-e79f945eb252,2026-08-11 18:05:29.862000-05:00,2026-08-11,4,18
48da1ae3-9883-4880-adaf-1441d96aecd0,2026-08-11 18:08:59.793000-05:00,2026-08-11,4,18
a00bb61a-fb34-4c65-9bcd-8d35b1c1b5fa,2026-08-11 18:12:49.801000-05:00,2026-08-11,4,18
c25fbbfa-7a62-45a4-8a19-01b8b261c301,2026-08-11 18:17:40.787000-05:00,2026-08-11,4,18
c25fbbfa-7a62-45a4-8a19-01b8b261c301,2026-08-11 18:19:02.637000-05:00,2026-08-11,4,18
a00bb61a-fb34-4c65-9bcd-8d35b1c1b5fa,2026-08-11 18:30:48.068000-05:00,2026-08-11,2,18
c93efd9e-de64-4177-a14e-e79f945eb252,2026-08-11 20:11:51.126000-05:00,2026-08-11,3,20
c93efd9e-de64-4177-a14e-e79f945eb252,2026-08-11 20:13:26.587000-05:00,2026-08-11,3,20
1353fedc-fc24-4827-bccd-1a7a291d5ea2,2026-08-11 20:18:56.787000-05:00,2026-08-11,3,20
1353fedc-fc24-4827-bccd-1a7a291d5ea2,2026-08-11 20:20:12.249000-05:00,2026-08-11,3,20
1353fedc-fc24-4827-bccd-1a7a291d5ea2,2026-08-11 20:20:51.447000-05:00,2026-08-11,3,20
1353fedc-fc24-4827-bccd-1a7a291d5ea2,2026-08-11 20:23:13.870000-05:00,2026-08-11,4,20
67a858c2-d9c6-4331-a789-f6825f36310a,2026-08-11 20:24:02.999000-05:00,2026-08-11,4,20
1353fedc-fc24-4827-bccd-1a7a291d5ea2,2026-08-11 20:25:35.640000-05:00,2026-08-11,4,20
1353fedc-fc24-4827-bccd-1a7a291d5ea2,2026-08-11 20:26:23.578000-05:00,2026-08-11,4,20
c93efd9e-de64-4177-a14e-e79f945eb252,2026-08-11 20:27:40.603000-05:00,2026-08-11,4,20
c93efd9e-de64-4177-a14e-e79f945eb252,2026-08-11 20:29:02.250000-05:00,2026-08-11,4,20
c93efd9e-de64-4177-a14e-e79f945eb252,2026-08-11 20:29:21.734000-05:00,2026-08-11,4,20
c93efd9e-de64-4177-a14e-e79f945eb252,2026-08-11 20:30:30.231000-05:00,2026-08-11,4,20
c93efd9e-de64-4177-a14e-e79f945eb252,2026-08-11 20:31:15.164000-05:00,2026-08-11,4,20
c93efd9e-de64-4177-a14e-e79f945eb252,2026-08-11 20:37:09.036000-05:00,2026-08-11,4,20
3ce8c2bb-e627-4414-b7f0-3e74860ea4a9,2026-08-11 20:38:10.199000-05:00,2026-08-11,4,20
c93efd9e-de64-4177-a14e-e79f945eb252,2026-08-11 20:39:20.658000-05:00,2026-08-11,4,20
4d73cf1d-5f86-437f-8701-cb765362c71f,2026-08-11 20:53:53.284000-05:00,2026-08-11,3,20
88daa1e6-dca2-42ab-831b-0e503c02a7f4,2026-08-11 20:54:25.297000-05:00,2026-08-11,2,20
4d73cf1d-5f86-437f-8701-cb765362c71f,2026-08-11 20:54:37.763000-05:00,2026-08-11,2,20
4d73cf1d-5f86-437f-8701-cb765362c71f,2026-08-11 20:55:14.928000-05:00,2026-08-11,2,20
4d73cf1d-5f86-437f-8701-cb765362c71f,2026-08-11 20:58:16.280000-05:00,2026-08-11,2,20
4d73cf1d-5f86-437f-8701-cb765362c71f,2026-08-11 20:59:43.159000-05:00,2026-08-11,2,20
4d73cf1d-5f86-437f-8701-cb765362c71f,2026-08-11 21:05:56.950000-05:00,2026-08-11,2,21
a00bb61a-fb34-4c65-9bcd-8d35b1c1b5fa,2026-08-11 21:30:22.117000-05:00,2026-08-11,1,21
a00bb61a-fb34-4c65-9bcd-8d35b1c1b5fa,2026-08-11 21:41:18.241000-05:00,2026-08-11,1,21
88daa1e6-dca2-42ab-831b-0e503c02a7f4,2026-08-11 21:58:34.271000-05:00,2026-08-11,2,21
3ce8c2bb-e627-4414-b7f0-3e74860ea4a9,2026-08-11 21:59:32.528000-05:00,2026-08-11,2,21
3ce8c2bb-e627-4414-b7f0-3e74860ea4a9,2026-08-11 22:07:16.178000-05:00,2026-08-11,2,22
3ce8c2bb-e627-4414-b7f0-3e74860ea4a9,2026-08-11 22:08:26.398000-05:00,2026-08-11,2,22
fbb532d1-be5c-4755-b4c1-d4c136b6cf40,2026-08-12 08:07:48.610000-05:00,2026-08-12,1,8
fbb532d1-be5c-4755-b4c1-d4c136b6cf40,2026-08-12 08:12:03.546000-05:00,2026-08-12,1,8
fbb532d1-be5c-4755-b4c1-d4c136b6cf40,2026-08-12 08:14:39.314000-05:00,2026-08-12,1,8
fbb532d1-be5c-4755-b4c1-d4c136b6cf40,2026-08-12 08:41:10.290000-05:00,2026-08-12,1,8
42db7633-4b24-4386-b6af-5b964e79d1d0,2026-08-12 11:17:18.275000-05:00,2026-08-12,1,11
42db7633-4b24-4386-b6af-5b964e79d1d0,2026-08-12 11:21:38.478000-05:00,2026-08-12,1,11
42db7633-4b24-4386-b6af-5b964e79d1d0,2026-08-12 11:47:29.207000-05:00,2026-08-12,1,11
42db7633-4b24-4386-b6af-5b964e79d1d0,2026-08-12 12:09:29.443000-05:00,2026-08-12,2,12
1e801df7-c2b1-41cd-88d2-d023c6aece9d,2026-08-12 12:13:56.215000-05:00,2026-08-12,2,12
42db7633-4b24-4386-b6af-5b964e79d1d0,2026-08-12 12:14:39.729000-05:00,2026-08-12,2,12
1e801df7-c2b1-41cd-88d2-d023c6aece9d,2026-08-12 12:16:58.850000-05:00,2026-08-12,2,12
1e801df7-c2b1-41cd-88d2-d023c6aece9d,2026-08-12 12:19:26.871000-05:00,2026-08-12,3,12
1e801df7-c2b1-41cd-88d2-d023c6aece9d,2026-08-12 12:25:36.238000-05:00,2026-08-12,3,12
c25fbbfa-7a62-45a4-8a19-01b8b261c301,2026-08-12 12:32:57.576000-05:00,2026-08-12,3,12
42db7633-4b24-4386-b6af-5b964e79d1d0,2026-08-12 12:40:27.920000-05:00,2026-08-12,3,12
42db7633-4b24-4386-b6af-5b964e79d1d0,2026-08-12 12:55:19.454000-05:00,2026-08-12,1,12
46000dd9-08f6-4187-926b-0c12215a9f9d,2026-08-12 13:32:07.853000-05:00,2026-08-12,1,13
46000dd9-08f6-4187-926b-0c12215a9f9d,2026-08-12 13:34:13.018000-05:00,2026-08-12,1,13
46000dd9-08f6-4187-926b-0c12215a9f9d,2026-08-12 15:13:08.141000-05:00,2026-08-12,2,15
46000dd9-08f6-4187-926b-0c12215a9f9d,2026-08-12 15:18:51.434000-05:00,2026-08-12,2,15
3ce8c2bb-e627-4414-b7f0-3e74860ea4a9,2026-08-12 15:19:50.185000-05:00,2026-08-12,2,15
3ce8c2bb-e627-4414-b7f0-3e74860ea4a9,2026-08-12 15:21:06.989000-05:00,2026-08-12,2,15
46000dd9-08f6-4187-926b-0c12215a9f9d,2026-08-12 15:22:11.179000-05:00,2026-08-12,2,15
3ce8c2bb-e627-4414-b7f0-3e74860ea4a9,2026-08-12 15:41:09.526000-05:00,2026-08-12,4,15
42db7633-4b24-4386-b6af-5b964e79d1d0,2026-08-12 15:42:17.546000-05:00,2026-08-12,4,15
7869fbf8-9d79-4546-aa64-e355c9580bff,2026-08-12 15:48:55.545000-05:00,2026-08-12,4,15
c25fbbfa-7a62-45a4-8a19-01b8b261c301,2026-08-12 15:51:23.118000-05:00,2026-08-12,4,15
7869fbf8-9d79-4546-aa64-e355c9580bff,2026-08-12 15:54:36.451000-05:00,2026-08-12,4,15
7869fbf8-9d79-4546-aa64-e355c9580bff,2026-08-12 20:28:19.989000-05:00,2026-08-12,3,20
42db7633-4b24-4386-b6af-5b964e79d1d0,2026-08-12 20:28:27.441000-05:00,2026-08-12,3,20
921cc26c-abd8-4e0d-bf51-8d90e5f5b437,2026-08-12 20:33:02.944000-05:00,2026-08-12,3,20
921cc26c-abd8-4e0d-bf51-8d90e5f5b437,2026-08-12 21:51:20.640000-05:00,2026-08-12,1,21
921cc26c-abd8-4e0d-bf51-8d90e5f5b437,2026-08-12 22:48:55.639000-05:00,2026-08-12,2,22
codex-019ff93c-fdb,2026-08-12 22:49:22.130000-05:00,2026-08-12,2,22
codex-019ff93c-fdb,2026-08-12 23:16:44.856000-05:00,2026-08-12,2,23
codex-019ff93c-fdb,2026-08-12 23:17:58.349000-05:00,2026-08-12,2,23
42db7633-4b24-4386-b6af-5b964e79d1d0,2026-08-12 23:21:14.200000-05:00,2026-08-12,2,23
codex-019ff93c-fdb,2026-08-12 23:21:16.025000-05:00,2026-08-12,2,23
codex-019ff93c-fdb,2026-08-12 23:23:27.046000-05:00,2026-08-12,2,23
codex-019ff93c-fdb,2026-08-12 23:33:05.661000-05:00,2026-08-12,3,23
921cc26c-abd8-4e0d-bf51-8d90e5f5b437,2026-08-12 23:40:11.433000-05:00,2026-08-12,2,23
921cc26c-abd8-4e0d-bf51-8d90e5f5b437,2026-08-12 23:45:35.792000-05:00,2026-08-12,2,23
921cc26c-abd8-4e0d-bf51-8d90e5f5b437,2026-08-13 00:43:16.814000-05:00,2026-08-13,1,0
921cc26c-abd8-4e0d-bf51-8d90e5f5b437,2026-08-13 00:57:02.756000-05:00,2026-08-13,2,0
921cc26c-abd8-4e0d-bf51-8d90e5f5b437,2026-08-13 00:59:51.625000-05:00,2026-08-13,3,0
codex-019ff93c-fdb,2026-08-13 01:02:09.943000-05:00,2026-08-13,3,1
codex-019ff93c-fdb,2026-08-13 01:03:27.843000-05:00,2026-08-13,3,1
codex-019ff93c-fdb,2026-08-13 01:13:00.769000-05:00,2026-08-13,3,1
42db7633-4b24-4386-b6af-5b964e79d1d0,2026-08-13 01:14:21.672000-05:00,2026-08-13,3,1
codex-019ff93c-fdb,2026-08-13 01:18:12.932000-05:00,2026-08-13,2,1
42db7633-4b24-4386-b6af-5b964e79d1d0,2026-08-13 10:45:58.403000-05:00,2026-08-13,4,10
codex-019ff93c-fdb,2026-08-13 10:47:11.335000-05:00,2026-08-13,4,10
7869fbf8-9d79-4546-aa64-e355c9580bff,2026-08-13 10:53:21.206000-05:00,2026-08-13,4,10
a21f9fcd-95c9-475b-a647-89ea30846a24,2026-08-13 10:54:33.100000-05:00,2026-08-13,4,10
a21f9fcd-95c9-475b-a647-89ea30846a24,2026-08-13 11:25:05.081000-05:00,2026-08-13,1,11
a21f9fcd-95c9-475b-a647-89ea30846a24,2026-08-13 11:59:32.163000-05:00,2026-08-13,2,11
42db7633-4b24-4386-b6af-5b964e79d1d0,2026-08-13 12:00:02.178000-05:00,2026-08-13,2,12
42db7633-4b24-4386-b6af-5b964e79d1d0,2026-08-13 15:08:25.612000-05:00,2026-08-13,1,15
921cc26c-abd8-4e0d-bf51-8d90e5f5b437,2026-08-13 15:46:13.497000-05:00,2026-08-13,2,15
42db7633-4b24-4386-b6af-5b964e79d1d0,2026-08-13 15:51:07.907000-05:00,2026-08-13,3,15
42db7633-4b24-4386-b6af-5b964e79d1d0,2026-08-13 15:55:11.784000-05:00,2026-08-13,3,15
42db7633-4b24-4386-b6af-5b964e79d1d0,2026-08-13 15:59:33.111000-05:00,2026-08-13,3,15
59aba617-e799-45e9-88fc-d52aa0b81ce3,2026-08-13 16:03:18.424000-05:00,2026-08-13,2,16
59aba617-e799-45e9-88fc-d52aa0b81ce3,2026-08-13 16:07:25.906000-05:00,2026-08-13,2,16
42db7633-4b24-4386-b6af-5b964e79d1d0,2026-08-13 16:57:03.078000-05:00,2026-08-13,1,16
42db7633-4b24-4386-b6af-5b964e79d1d0,2026-08-13 17:30:23.523000-05:00,2026-08-13,1,17
c25fbbfa-7a62-45a4-8a19-01b8b261c301,2026-08-13 18:33:32.741000-05:00,2026-08-13,1,18
c25fbbfa-7a62-45a4-8a19-01b8b261c301,2026-08-13 18:43:15.537000-05:00,2026-08-13,1,18
c25fbbfa-7a62-45a4-8a19-01b8b261c301,2026-08-13 18:47:35.799000-05:00,2026-08-13,1,18
42db7633-4b24-4386-b6af-5b964e79d1d0,2026-08-13 19:40:40.781000-05:00,2026-08-13,3,19
09ba86d0-2a75-4bf3-8c76-e52e1745e25f,2026-08-13 19:43:36.604000-05:00,2026-08-13,3,19
42db7633-4b24-4386-b6af-5b964e79d1d0,2026-08-13 19:45:09.890000-05:00,2026-08-13,3,19
921cc26c-abd8-4e0d-bf51-8d90e5f5b437,2026-08-13 19:47:09.602000-05:00,2026-08-13,3,19
42db7633-4b24-4386-b6af-5b964e79d1d0,2026-08-13 22:24:25.156000-05:00,2026-08-13,4,22
09ba86d0-2a75-4bf3-8c76-e52e1745e25f,2026-08-13 22:34:31.013000-05:00,2026-08-13,4,22
8ed2fab2-a236-4839-a181-d1475fffe991,2026-08-13 22:36:49.319000-05:00,2026-08-13,4,22
c25fbbfa-7a62-45a4-8a19-01b8b261c301,2026-08-13 22:38:42.916000-05:00,2026-08-13,4,22
8ed2fab2-a236-4839-a181-d1475fffe991,2026-08-13 22:54:37.908000-05:00,2026-08-13,1,22
8ed2fab2-a236-4839-a181-d1475fffe991,2026-08-13 22:56:26.705000-05:00,2026-08-13,1,22
8ed2fab2-a236-4839-a181-d1475fffe991,2026-08-13 23:01:35.399000-05:00,2026-08-13,1,23
8ed2fab2-a236-4839-a181-d1475fffe991,2026-08-14 00:09:33.613000-05:00,2026-08-14,1,0
8ed2fab2-a236-4839-a181-d1475fffe991,2026-08-14 00:09:46.049000-05:00,2026-08-14,1,0
8ed2fab2-a236-4839-a181-d1475fffe991,2026-08-14 00:19:11.750000-05:00,2026-08-14,3,0
42db7633-4b24-4386-b6af-5b964e79d1d0,2026-08-14 00:25:21.222000-05:00,2026-08-14,3,0
e9331fce-ef98-40cb-9132-1a5d76b17552,2026-08-14 00:25:42.261000-05:00,2026-08-14,3,0
42db7633-4b24-4386-b6af-5b964e79d1d0,2026-08-14 00:37:08.337000-05:00,2026-08-14,3,0
8ed2fab2-a236-4839-a181-d1475fffe991,2026-08-14 00:52:00.822000-05:00,2026-08-14,2,0
8ed2fab2-a236-4839-a181-d1475fffe991,2026-08-14 00:55:15.933000-05:00,2026-08-14,2,0
42db7633-4b24-4386-b6af-5b964e79d1d0,2026-08-14 00:57:03.307000-05:00,2026-08-14,2,0
8ed2fab2-a236-4839-a181-d1475fffe991,2026-08-14 01:02:44.618000-05:00,2026-08-14,2,1
42db7633-4b24-4386-b6af-5b964e79d1d0,2026-08-14 01:06:00.719000-05:00,2026-08-14,3,1
42db7633-4b24-4386-b6af-5b964e79d1d0,2026-08-14 01:08:16.976000-05:00,2026-08-14,3,1
42db7633-4b24-4386-b6af-5b964e79d1d0,2026-08-14 01:09:49.319000-05:00,2026-08-14,3,1
42db7633-4b24-4386-b6af-5b964e79d1d0,2026-08-14 01:10:59.892000-05:00,2026-08-14,3,1
42db7633-4b24-4386-b6af-5b964e79d1d0,2026-08-14 01:11:42.045000-05:00,2026-08-14,3,1
42db7633-4b24-4386-b6af-5b964e79d1d0,2026-08-14 01:14:00.540000-05:00,2026-08-14,3,1
42db7633-4b24-4386-b6af-5b964e79d1d0,2026-08-14 01:15:58.401000-05:00,2026-08-14,3,1
42db7633-4b24-4386-b6af-5b964e79d1d0,2026-08-14 01:19:33.162000-05:00,2026-08-14,2,1
8d2f5f3b-5e69-476a-8508-bb887d322da3,2026-08-14 01:20:30.366000-05:00,2026-08-14,2,1
8d2f5f3b-5e69-476a-8508-bb887d322da3,2026-08-14 01:26:22.185000-05:00,2026-08-14,2,1
8d2f5f3b-5e69-476a-8508-bb887d322da3,2026-08-14 01:28:02.045000-05:00,2026-08-14,2,1
8d2f5f3b-5e69-476a-8508-bb887d322da3,2026-08-14 01:28:09.698000-05:00,2026-08-14,2,1
8d2f5f3b-5e69-476a-8508-bb887d322da3,2026-08-14 01:30:34.510000-05:00,2026-08-14,2,1
8d2f5f3b-5e69-476a-8508-bb887d322da3,2026-08-14 01:38:19.078000-05:00,2026-08-14,1,1
8d2f5f3b-5e69-476a-8508-bb887d322da3,2026-08-14 01:38:53.897000-05:00,2026-08-14,1,1
8d2f5f3b-5e69-476a-8508-bb887d322da3,2026-08-14 01:38:53.897000-05:00,2026-08-14,1,1
8d2f5f3b-5e69-476a-8508-bb887d322da3,2026-08-14 01:40:25.004000-05:00,2026-08-14,1,1
8d2f5f3b-5e69-476a-8508-bb887d322da3,2026-08-14 01:42:13.441000-05:00,2026-08-14,1,1
8d2f5f3b-5e69-476a-8508-bb887d322da3,2026-08-14 01:43:46.745000-05:00,2026-08-14,1,1
8d2f5f3b-5e69-476a-8508-bb887d322da3,2026-08-14 02:27:58.748000-05:00,2026-08-14,1,2
8d2f5f3b-5e69-476a-8508-bb887d322da3,2026-08-14 02:28:31.256000-05:00,2026-08-14,1,2
8d2f5f3b-5e69-476a-8508-bb887d322da3,2026-08-14 02:31:34.761000-05:00,2026-08-14,1,2
8d2f5f3b-5e69-476a-8508-bb887d322da3,2026-08-14 02:32:30.752000-05:00,2026-08-14,1,2
8d2f5f3b-5e69-476a-8508-bb887d322da3,2026-08-14 02:33:18.481000-05:00,2026-08-14,1,2
8d2f5f3b-5e69-476a-8508-bb887d322da3,2026-08-14 02:34:43.323000-05:00,2026-08-14,1,2
8d2f5f3b-5e69-476a-8508-bb887d322da3,2026-08-14 02:35:39.241000-05:00,2026-08-14,1,2
8d2f5f3b-5e69-476a-8508-bb887d322da3,2026-08-14 02:38:05.896000-05:00,2026-08-14,1,2
8d2f5f3b-5e69-476a-8508-bb887d322da3,2026-08-14 02:49:51.287000-05:00,2026-08-14,1,2
8d2f5f3b-5e69-476a-8508-bb887d322da3,2026-08-14 03:04:41.402000-05:00,2026-08-14,1,3
8d2f5f3b-5e69-476a-8508-bb887d322da3,2026-08-14 03:07:47.016000-05:00,2026-08-14,1,3
8d2f5f3b-5e69-476a-8508-bb887d322da3,2026-08-14 03:09:53.168000-05:00,2026-08-14,1,3
8d2f5f3b-5e69-476a-8508-bb887d322da3,2026-08-14 03:10:41.074000-05:00,2026-08-14,1,3
8d2f5f3b-5e69-476a-8508-bb887d322da3,2026-08-14 03:14:32.107000-05:00,2026-08-14,1,3
8d2f5f3b-5e69-476a-8508-bb887d322da3,2026-08-14 03:15:39.357000-05:00,2026-08-14,1,3
8d2f5f3b-5e69-476a-8508-bb887d322da3,2026-08-14 03:18:07.907000-05:00,2026-08-14,1,3
8d2f5f3b-5e69-476a-8508-bb887d322da3,2026-08-14 03:21:25.225000-05:00,2026-08-14,1,3
8d2f5f3b-5e69-476a-8508-bb887d322da3,2026-08-14 03:21:45.396000-05:00,2026-08-14,1,3
8d2f5f3b-5e69-476a-8508-bb887d322da3,2026-08-14 03:22:15.911000-05:00,2026-08-14,1,3
8d2f5f3b-5e69-476a-8508-bb887d322da3,2026-08-14 03:23:55.797000-05:00,2026-08-14,1,3
8d2f5f3b-5e69-476a-8508-bb887d322da3,2026-08-14 03:25:53.607000-05:00,2026-08-14,1,3
8d2f5f3b-5e69-476a-8508-bb887d322da3,2026-08-14 03:34:46.566000-05:00,2026-08-14,1,3
6f2663ca-6126-427d-8bd3-59552b4f9ac6,2026-08-14 11:21:17.991000-05:00,2026-08-14,2,11
40926b3f-452c-47bd-8930-12f519a49a4e,2026-08-14 11:23:40.099000-05:00,2026-08-14,2,11
6f2663ca-6126-427d-8bd3-59552b4f9ac6,2026-08-14 11:23:52.031000-05:00,2026-08-14,2,11
6f2663ca-6126-427d-8bd3-59552b4f9ac6,2026-08-14 11:32:27.885000-05:00,2026-08-14,2,11
6f2663ca-6126-427d-8bd3-59552b4f9ac6,2026-08-14 11:46:09.757000-05:00,2026-08-14,3,11
6f2663ca-6126-427d-8bd3-59552b4f9ac6,2026-08-14 11:46:34.571000-05:00,2026-08-14,3,11
6f2663ca-6126-427d-8bd3-59552b4f9ac6,2026-08-14 11:47:26.194000-05:00,2026-08-14,3,11
6f2663ca-6126-427d-8bd3-59552b4f9ac6,2026-08-14 11:50:02.375000-05:00,2026-08-14,3,11
7c1b04a7-e3f1-4495-be30-ac10ba275255,2026-08-14 11:53:22.557000-05:00,2026-08-14,3,11
dad2cbc1-f733-428c-823e-f11bcd5537f1,2026-08-14 11:53:22.557000-05:00,2026-08-14,3,11
6f2663ca-6126-427d-8bd3-59552b4f9ac6,2026-08-14 11:56:10.286000-05:00,2026-08-14,3,11
dad2cbc1-f733-428c-823e-f11bcd5537f1,2026-08-14 12:02:09.880000-05:00,2026-08-14,3,12
7c1b04a7-e3f1-4495-be30-ac10ba275255,2026-08-14 12:02:09.880000-05:00,2026-08-14,3,12
6f2663ca-6126-427d-8bd3-59552b4f9ac6,2026-08-14 12:13:02.028000-05:00,2026-08-14,3,12
7c1b04a7-e3f1-4495-be30-ac10ba275255,2026-08-14 12:13:37.806000-05:00,2026-08-14,3,12
dad2cbc1-f733-428c-823e-f11bcd5537f1,2026-08-14 12:13:37.806000-05:00,2026-08-14,3,12
6f2663ca-6126-427d-8bd3-59552b4f9ac6,2026-08-14 12:14:34.653000-05:00,2026-08-14,3,12
dad2cbc1-f733-428c-823e-f11bcd5537f1,2026-08-14 12:15:12.230000-05:00,2026-08-14,3,12
7c1b04a7-e3f1-4495-be30-ac10ba275255,2026-08-14 12:15:12.230000-05:00,2026-08-14,3,12
dad2cbc1-f733-428c-823e-f11bcd5537f1,2026-08-14 12:18:34.484000-05:00,2026-08-14,3,12
7c1b04a7-e3f1-4495-be30-ac10ba275255,2026-08-14 12:18:34.484000-05:00,2026-08-14,3,12
6f2663ca-6126-427d-8bd3-59552b4f9ac6,2026-08-14 12:19:08.650000-05:00,2026-08-14,3,12
dad2cbc1-f733-428c-823e-f11bcd5537f1,2026-08-14 12:22:16.280000-05:00,2026-08-14,3,12
7c1b04a7-e3f1-4495-be30-ac10ba275255,2026-08-14 12:22:16.280000-05:00,2026-08-14,3,12
dad2cbc1-f733-428c-823e-f11bcd5537f1,2026-08-14 12:25:32.681000-05:00,2026-08-14,3,12
7c1b04a7-e3f1-4495-be30-ac10ba275255,2026-08-14 12:25:32.681000-05:00,2026-08-14,3,12
dad2cbc1-f733-428c-823e-f11bcd5537f1,2026-08-14 12:27:41.083000-05:00,2026-08-14,3,12
7c1b04a7-e3f1-4495-be30-ac10ba275255,2026-08-14 12:27:41.083000-05:00,2026-08-14,3,12
6f2663ca-6126-427d-8bd3-59552b4f9ac6,2026-08-14 12:28:25.779000-05:00,2026-08-14,3,12
7c1b04a7-e3f1-4495-be30-ac10ba275255,2026-08-14 12:28:54.617000-05:00,2026-08-14,3,12
dad2cbc1-f733-428c-823e-f11bcd5537f1,2026-08-14 12:28:54.617000-05:00,2026-08-14,3,12
dad2cbc1-f733-428c-823e-f11bcd5537f1,2026-08-14 12:29:15.656000-05:00,2026-08-14,3,12
7c1b04a7-e3f1-4495-be30-ac10ba275255,2026-08-14 12:29:15.656000-05:00,2026-08-14,3,12
6f2663ca-6126-427d-8bd3-59552b4f9ac6,2026-08-14 12:36:08.391000-05:00,2026-08-14,3,12
6f2663ca-6126-427d-8bd3-59552b4f9ac6,2026-08-14 12:37:55.963000-05:00,2026-08-14,3,12
6f2663ca-6126-427d-8bd3-59552b4f9ac6,2026-08-14 12:38:49.033000-05:00,2026-08-14,3,12
6f2663ca-6126-427d-8bd3-59552b4f9ac6,2026-08-14 12:42:02.532000-05:00,2026-08-14,3,12
6f2663ca-6126-427d-8bd3-59552b4f9ac6,2026-08-14 12:43:22.232000-05:00,2026-08-14,3,12
6f2663ca-6126-427d-8bd3-59552b4f9ac6,2026-08-14 12:45:04.821000-05:00,2026-08-14,3,12
dad2cbc1-f733-428c-823e-f11bcd5537f1,2026-08-14 12:47:51.716000-05:00,2026-08-14,3,12
7c1b04a7-e3f1-4495-be30-ac10ba275255,2026-08-14 12:47:51.716000-05:00,2026-08-14,3,12
dad2cbc1-f733-428c-823e-f11bcd5537f1,2026-08-14 12:56:03.782000-05:00,2026-08-14,3,12
7c1b04a7-e3f1-4495-be30-ac10ba275255,2026-08-14 12:56:03.782000-05:00,2026-08-14,3,12
6f2663ca-6126-427d-8bd3-59552b4f9ac6,2026-08-14 12:57:02.048000-05:00,2026-08-14,3,12
6f2663ca-6126-427d-8bd3-59552b4f9ac6,2026-08-14 12:57:20.684000-05:00,2026-08-14,3,12
7c1b04a7-e3f1-4495-be30-ac10ba275255,2026-08-14 12:59:33.937000-05:00,2026-08-14,3,12
dad2cbc1-f733-428c-823e-f11bcd5537f1,2026-08-14 12:59:33.937000-05:00,2026-08-14,3,12
6f2663ca-6126-427d-8bd3-59552b4f9ac6,2026-08-14 13:00:12.268000-05:00,2026-08-14,3,13
6f2663ca-6126-427d-8bd3-59552b4f9ac6,2026-08-14 13:03:47.557000-05:00,2026-08-14,3,13
7c1b04a7-e3f1-4495-be30-ac10ba275255,2026-08-14 13:04:33.289000-05:00,2026-08-14,3,13
dad2cbc1-f733-428c-823e-f11bcd5537f1,2026-08-14 13:04:33.289000-05:00,2026-08-14,3,13
dad2cbc1-f733-428c-823e-f11bcd5537f1,2026-08-14 13:05:43.999000-05:00,2026-08-14,3,13
7c1b04a7-e3f1-4495-be30-ac10ba275255,2026-08-14 13:05:43.999000-05:00,2026-08-14,3,13
7c1b04a7-e3f1-4495-be30-ac10ba275255,2026-08-14 13:19:14.468000-05:00,2026-08-14,2,13
dad2cbc1-f733-428c-823e-f11bcd5537f1,2026-08-14 13:19:14.468000-05:00,2026-08-14,2,13
7c1b04a7-e3f1-4495-be30-ac10ba275255,2026-08-14 13:21:36.389000-05:00,2026-08-14,3,13
dad2cbc1-f733-428c-823e-f11bcd5537f1,2026-08-14 13:21:36.389000-05:00,2026-08-14,3,13
7c1b04a7-e3f1-4495-be30-ac10ba275255,2026-08-14 13:24:02.798000-05:00,2026-08-14,3,13
dad2cbc1-f733-428c-823e-f11bcd5537f1,2026-08-14 13:24:02.798000-05:00,2026-08-14,3,13
7c1b04a7-e3f1-4495-be30-ac10ba275255,2026-08-14 13:29:23.790000-05:00,2026-08-14,3,13
dad2cbc1-f733-428c-823e-f11bcd5537f1,2026-08-14 13:29:23.790000-05:00,2026-08-14,3,13
6f2663ca-6126-427d-8bd3-59552b4f9ac6,2026-08-14 13:34:57.757000-05:00,2026-08-14,3,13
6f2663ca-6126-427d-8bd3-59552b4f9ac6,2026-08-14 13:36:30.097000-05:00,2026-08-14,3,13
6f2663ca-6126-427d-8bd3-59552b4f9ac6,2026-08-14 13:58:35.009000-05:00,2026-08-14,1,13
6f2663ca-6126-427d-8bd3-59552b4f9ac6,2026-08-14 14:00:58.404000-05:00,2026-08-14,1,14
6f2663ca-6126-427d-8bd3-59552b4f9ac6,2026-08-14 14:02:45.586000-05:00,2026-08-14,1,14
6f2663ca-6126-427d-8bd3-59552b4f9ac6,2026-08-14 14:03:44.191000-05:00,2026-08-14,1,14
6f2663ca-6126-427d-8bd3-59552b4f9ac6,2026-08-14 14:13:07.159000-05:00,2026-08-14,1,14
6f2663ca-6126-427d-8bd3-59552b4f9ac6,2026-08-14 15:52:55.763000-05:00,2026-08-14,4,15
7c1b04a7-e3f1-4495-be30-ac10ba275255,2026-08-14 15:54:13.592000-05:00,2026-08-14,4,15
dad2cbc1-f733-428c-823e-f11bcd5537f1,2026-08-14 15:54:13.592000-05:00,2026-08-14,4,15
40926b3f-452c-47bd-8930-12f519a49a4e,2026-08-14 15:55:03.182000-05:00,2026-08-14,4,15
40926b3f-452c-47bd-8930-12f519a49a4e,2026-08-14 15:59:30.481000-05:00,2026-08-14,4,15
6f2663ca-6126-427d-8bd3-59552b4f9ac6,2026-08-14 16:04:17.535000-05:00,2026-08-14,4,16
40926b3f-452c-47bd-8930-12f519a49a4e,2026-08-14 16:06:45.282000-05:00,2026-08-14,4,16
6f2663ca-6126-427d-8bd3-59552b4f9ac6,2026-08-14 16:09:47.453000-05:00,2026-08-14,2,16
6f2663ca-6126-427d-8bd3-59552b4f9ac6,2026-08-14 16:30:01.715000-05:00,2026-08-14,1,16
6f2663ca-6126-427d-8bd3-59552b4f9ac6,2026-08-14 16:34:31.731000-05:00,2026-08-14,1,16
6f2663ca-6126-427d-8bd3-59552b4f9ac6,2026-08-15 00:41:36.301000-05:00,2026-08-15,1,0
6f2663ca-6126-427d-8bd3-59552b4f9ac6,2026-08-15 00:52:31.489000-05:00,2026-08-15,1,0
6f2663ca-6126-427d-8bd3-59552b4f9ac6,2026-08-15 00:54:40.253000-05:00,2026-08-15,1,0
6f2663ca-6126-427d-8bd3-59552b4f9ac6,2026-08-15 00:55:34.053000-05:00,2026-08-15,1,0
6f2663ca-6126-427d-8bd3-59552b4f9ac6,2026-08-15 00:57:56.640000-05:00,2026-08-15,1,0
6f2663ca-6126-427d-8bd3-59552b4f9ac6,2026-08-15 01:12:52.206000-05:00,2026-08-15,1,1
6f2663ca-6126-427d-8bd3-59552b4f9ac6,2026-08-15 01:14:08.651000-05:00,2026-08-15,1,1
6f2663ca-6126-427d-8bd3-59552b4f9ac6,2026-08-15 01:17:01.991000-05:00,2026-08-15,1,1
6f2663ca-6126-427d-8bd3-59552b4f9ac6,2026-08-15 01:20:29.545000-05:00,2026-08-15,1,1
6f2663ca-6126-427d-8bd3-59552b4f9ac6,2026-08-15 01:20:54.660000-05:00,2026-08-15,1,1
6f2663ca-6126-427d-8bd3-59552b4f9ac6,2026-08-15 01:22:42.688000-05:00,2026-08-15,1,1
6f2663ca-6126-427d-8bd3-59552b4f9ac6,2026-08-15 01:25:20.930000-05:00,2026-08-15,2,1
6f2663ca-6126-427d-8bd3-59552b4f9ac6,2026-08-15 01:31:49.612000-05:00,2026-08-15,2,1
6f2663ca-6126-427d-8bd3-59552b4f9ac6,2026-08-15 01:32:50.999000-05:00,2026-08-15,2,1
6f2663ca-6126-427d-8bd3-59552b4f9ac6,2026-08-15 01:35:12.101000-05:00,2026-08-15,2,1
6f2663ca-6126-427d-8bd3-59552b4f9ac6,2026-08-15 01:36:08.555000-05:00,2026-08-15,2,1
6f2663ca-6126-427d-8bd3-59552b4f9ac6,2026-08-15 01:38:40.527000-05:00,2026-08-15,2,1
40926b3f-452c-47bd-8930-12f519a49a4e,2026-08-15 01:39:26.458000-05:00,2026-08-15,2,1
40926b3f-452c-47bd-8930-12f519a49a4e,2026-08-15 01:42:25.219000-05:00,2026-08-15,2,1
40926b3f-452c-47bd-8930-12f519a49a4e,2026-08-15 01:44:25.572000-05:00,2026-08-15,2,1
40926b3f-452c-47bd-8930-12f519a49a4e,2026-08-15 01:45:38.011000-05:00,2026-08-15,2,1
40926b3f-452c-47bd-8930-12f519a49a4e,2026-08-15 01:46:18.139000-05:00,2026-08-15,2,1
40926b3f-452c-47bd-8930-12f519a49a4e,2026-08-15 01:48:54.682000-05:00,2026-08-15,2,1
40926b3f-452c-47bd-8930-12f519a49a4e,2026-08-15 01:50:51.321000-05:00,2026-08-15,2,1
40926b3f-452c-47bd-8930-12f519a49a4e,2026-08-15 01:52:10.595000-05:00,2026-08-15,2,1
40926b3f-452c-47bd-8930-12f519a49a4e,2026-08-15 01:53:10.917000-05:00,2026-08-15,2,1
6f2663ca-6126-427d-8bd3-59552b4f9ac6,2026-08-15 02:11:38.927000-05:00,2026-08-15,1,2
6f2663ca-6126-427d-8bd3-59552b4f9ac6,2026-08-15 02:12:59.313000-05:00,2026-08-15,1,2
6f2663ca-6126-427d-8bd3-59552b4f9ac6,2026-08-15 10:32:27.574000-05:00,2026-08-15,1,10
6f2663ca-6126-427d-8bd3-59552b4f9ac6,2026-08-15 10:56:55.364000-05:00,2026-08-15,1,10
6f2663ca-6126-427d-8bd3-59552b4f9ac6,2026-08-15 11:09:39.780000-05:00,2026-08-15,1,11
6f2663ca-6126-427d-8bd3-59552b4f9ac6,2026-08-15 11:37:06.058000-05:00,2026-08-15,2,11
6f2663ca-6126-427d-8bd3-59552b4f9ac6,2026-08-15 11:38:17.748000-05:00,2026-08-15,2,11
6f2663ca-6126-427d-8bd3-59552b4f9ac6,2026-08-15 11:39:44.695000-05:00,2026-08-15,2,11
2956db8b-da82-46c2-8d15-ec235f593323,2026-08-15 11:43:56.628000-05:00,2026-08-15,2,11
6f2663ca-6126-427d-8bd3-59552b4f9ac6,2026-08-15 11:45:03.732000-05:00,2026-08-15,2,11
2956db8b-da82-46c2-8d15-ec235f593323,2026-08-15 12:00:47.480000-05:00,2026-08-15,3,12
2956db8b-da82-46c2-8d15-ec235f593323,2026-08-15 12:01:53.045000-05:00,2026-08-15,3,12
2956db8b-da82-46c2-8d15-ec235f593323,2026-08-15 12:04:02.583000-05:00,2026-08-15,3,12
2956db8b-da82-46c2-8d15-ec235f593323,2026-08-15 12:05:01.307000-05:00,2026-08-15,3,12
2956db8b-da82-46c2-8d15-ec235f593323,2026-08-15 12:06:12.740000-05:00,2026-08-15,3,12
de443f1e-6bd2-4681-ac52-88215d1d924a,2026-08-15 12:11:41.763000-05:00,2026-08-15,3,12
de443f1e-6bd2-4681-ac52-88215d1d924a,2026-08-15 12:15:08.201000-05:00,2026-08-15,3,12
6f2663ca-6126-427d-8bd3-59552b4f9ac6,2026-08-15 12:15:33.842000-05:00,2026-08-15,3,12
6f2663ca-6126-427d-8bd3-59552b4f9ac6,2026-08-15 12:28:24.574000-05:00,2026-08-15,2,12
6f2663ca-6126-427d-8bd3-59552b4f9ac6,2026-08-15 12:44:42.443000-05:00,2026-08-15,3,12
dad2cbc1-f733-428c-823e-f11bcd5537f1,2026-08-15 12:46:16.283000-05:00,2026-08-15,3,12
7c1b04a7-e3f1-4495-be30-ac10ba275255,2026-08-15 12:46:16.283000-05:00,2026-08-15,3,12
6f2663ca-6126-427d-8bd3-59552b4f9ac6,2026-08-15 13:27:50.022000-05:00,2026-08-15,1,13
6f2663ca-6126-427d-8bd3-59552b4f9ac6,2026-08-15 13:28:58.896000-05:00,2026-08-15,1,13
6f2663ca-6126-427d-8bd3-59552b4f9ac6,2026-08-15 13:32:13.131000-05:00,2026-08-15,1,13
6f2663ca-6126-427d-8bd3-59552b4f9ac6,2026-08-15 13:33:11.557000-05:00,2026-08-15,1,13
6f2663ca-6126-427d-8bd3-59552b4f9ac6,2026-08-15 13:36:47.906000-05:00,2026-08-15,1,13
6f2663ca-6126-427d-8bd3-59552b4f9ac6,2026-08-15 13:48:13.111000-05:00,2026-08-15,1,13
6f2663ca-6126-427d-8bd3-59552b4f9ac6,2026-08-15 13:54:20.956000-05:00,2026-08-15,1,13
6f2663ca-6126-427d-8bd3-59552b4f9ac6,2026-08-15 14:08:09.499000-05:00,2026-08-15,1,14
6f2663ca-6126-427d-8bd3-59552b4f9ac6,2026-08-15 14:11:04.739000-05:00,2026-08-15,1,14
6f2663ca-6126-427d-8bd3-59552b4f9ac6,2026-08-15 14:18:54.674000-05:00,2026-08-15,1,14
6f2663ca-6126-427d-8bd3-59552b4f9ac6,2026-08-15 14:20:13.201000-05:00,2026-08-15,1,14
6f2663ca-6126-427d-8bd3-59552b4f9ac6,2026-08-15 14:43:49.383000-05:00,2026-08-15,1,14
6f2663ca-6126-427d-8bd3-59552b4f9ac6,2026-08-15 15:13:47.537000-05:00,2026-08-15,1,15
6f2663ca-6126-427d-8bd3-59552b4f9ac6,2026-08-15 15:14:23.326000-05:00,2026-08-15,1,15
6f2663ca-6126-427d-8bd3-59552b4f9ac6,2026-08-15 15:14:23.326000-05:00,2026-08-15,1,15
6f2663ca-6126-427d-8bd3-59552b4f9ac6,2026-08-15 15:21:48.202000-05:00,2026-08-15,1,15
6f2663ca-6126-427d-8bd3-59552b4f9ac6,2026-08-15 15:23:48.427000-05:00,2026-08-15,1,15
6f2663ca-6126-427d-8bd3-59552b4f9ac6,2026-08-15 17:41:35.194000-05:00,2026-08-15,1,17
6f2663ca-6126-427d-8bd3-59552b4f9ac6,2026-08-15 18:21:58.372000-05:00,2026-08-15,1,18
6f2663ca-6126-427d-8bd3-59552b4f9ac6,2026-08-15 18:27:26.104000-05:00,2026-08-15,1,18
6f2663ca-6126-427d-8bd3-59552b4f9ac6,2026-08-15 18:31:59.704000-05:00,2026-08-15,1,18
6f2663ca-6126-427d-8bd3-59552b4f9ac6,2026-08-15 19:24:27.858000-05:00,2026-08-15,1,19
6f2663ca-6126-427d-8bd3-59552b4f9ac6,2026-08-15 19:38:01.108000-05:00,2026-08-15,1,19
6f2663ca-6126-427d-8bd3-59552b4f9ac6,2026-08-15 19:59:45.802000-05:00,2026-08-15,1,19
6f2663ca-6126-427d-8bd3-59552b4f9ac6,2026-08-15 20:29:27.298000-05:00,2026-08-15,1,20
6f2663ca-6126-427d-8bd3-59552b4f9ac6,2026-08-15 20:29:54.665000-05:00,2026-08-15,1,20
6f2663ca-6126-427d-8bd3-59552b4f9ac6,2026-08-15 20:34:17.774000-05:00,2026-08-15,1,20
6f2663ca-6126-427d-8bd3-59552b4f9ac6,2026-08-15 21:01:23.257000-05:00,2026-08-15,1,21
6f2663ca-6126-427d-8bd3-59552b4f9ac6,2026-08-15 21:07:44.729000-05:00,2026-08-15,1,21
6f2663ca-6126-427d-8bd3-59552b4f9ac6,2026-08-15 22:23:58.682000-05:00,2026-08-15,1,22
6f2663ca-6126-427d-8bd3-59552b4f9ac6,2026-08-15 22:27:14.757000-05:00,2026-08-15,1,22
6f2663ca-6126-427d-8bd3-59552b4f9ac6,2026-08-15 22:35:57.721000-05:00,2026-08-15,1,22
9a49e2f7-4498-4616-8586-4f4f508b59ac,2026-08-16 10:42:31.239000-05:00,2026-08-16,3,10
9a49e2f7-4498-4616-8586-4f4f508b59ac,2026-08-16 10:43:08.420000-05:00,2026-08-16,3,10
9a49e2f7-4498-4616-8586-4f4f508b59ac,2026-08-16 10:43:21.253000-05:00,2026-08-16,3,10
9a49e2f7-4498-4616-8586-4f4f508b59ac,2026-08-16 10:44:01.493000-05:00,2026-08-16,3,10
9a49e2f7-4498-4616-8586-4f4f508b59ac,2026-08-16 10:44:22.835000-05:00,2026-08-16,3,10
9a49e2f7-4498-4616-8586-4f4f508b59ac,2026-08-16 10:44:41.538000-05:00,2026-08-16,3,10
9a49e2f7-4498-4616-8586-4f4f508b59ac,2026-08-16 10:45:43.951000-05:00,2026-08-16,3,10
6f2663ca-6126-427d-8bd3-59552b4f9ac6,2026-08-16 10:48:53.366000-05:00,2026-08-16,3,10
6f2663ca-6126-427d-8bd3-59552b4f9ac6,2026-08-16 10:49:53.225000-05:00,2026-08-16,3,10
14b8915a-ee2b-4496-9634-044c879c6f21,2026-08-16 10:51:15.454000-05:00,2026-08-16,3,10
14b8915a-ee2b-4496-9634-044c879c6f21,2026-08-16 10:54:01.558000-05:00,2026-08-16,3,10
2a0df7b6-7d2d-4663-8574-49a9b6879181,2026-08-16 16:07:06.911000-05:00,2026-08-16,1,16
2a0df7b6-7d2d-4663-8574-49a9b6879181,2026-08-16 16:30:03.371000-05:00,2026-08-16,1,16
2a0df7b6-7d2d-4663-8574-49a9b6879181,2026-08-16 16:30:47.762000-05:00,2026-08-16,1,16
2a0df7b6-7d2d-4663-8574-49a9b6879181,2026-08-16 16:31:27.606000-05:00,2026-08-16,1,16
2a0df7b6-7d2d-4663-8574-49a9b6879181,2026-08-16 18:44:30.911000-05:00,2026-08-16,1,18
2a0df7b6-7d2d-4663-8574-49a9b6879181,2026-08-16 21:05:48.091000-05:00,2026-08-16,1,21
2a0df7b6-7d2d-4663-8574-49a9b6879181,2026-08-16 21:11:36.347000-05:00,2026-08-16,1,21
2a0df7b6-7d2d-4663-8574-49a9b6879181,2026-08-16 22:00:04.017000-05:00,2026-08-16,1,22
2a0df7b6-7d2d-4663-8574-49a9b6879181,2026-08-16 22:42:18.760000-05:00,2026-08-16,2,22
23c5a051-3f0c-42d0-b91d-57efefacdb67,2026-08-16 22:43:19.074000-05:00,2026-08-16,2,22
23c5a051-3f0c-42d0-b91d-57efefacdb67,2026-08-16 22:46:41.396000-05:00,2026-08-16,2,22
23c5a051-3f0c-42d0-b91d-57efefacdb67,2026-08-16 22:48:22.016000-05:00,2026-08-16,2,22
2a0df7b6-7d2d-4663-8574-49a9b6879181,2026-08-17 06:05:32.325000-05:00,2026-08-17,1,6
2a0df7b6-7d2d-4663-8574-49a9b6879181,2026-08-17 06:08:55.040000-05:00,2026-08-17,1,6
2a0df7b6-7d2d-4663-8574-49a9b6879181,2026-08-17 06:20:08.800000-05:00,2026-08-17,1,6
2a0df7b6-7d2d-4663-8574-49a9b6879181,2026-08-17 06:32:39.654000-05:00,2026-08-17,1,6
dad2cbc1-f733-428c-823e-f11bcd5537f1,2026-08-17 16:31:57.469000-05:00,2026-08-17,2,16
7c1b04a7-e3f1-4495-be30-ac10ba275255,2026-08-17 16:31:57.469000-05:00,2026-08-17,2,16
dad2cbc1-f733-428c-823e-f11bcd5537f1,2026-08-17 16:34:56.753000-05:00,2026-08-17,2,16
7c1b04a7-e3f1-4495-be30-ac10ba275255,2026-08-17 16:34:56.753000-05:00,2026-08-17,2,16
7c1b04a7-e3f1-4495-be30-ac10ba275255,2026-08-17 16:39:28.930000-05:00,2026-08-17,3,16
7c1b04a7-e3f1-4495-be30-ac10ba275255,2026-08-17 16:43:48.375000-05:00,2026-08-17,3,16
7c1b04a7-e3f1-4495-be30-ac10ba275255,2026-08-17 16:46:27.252000-05:00,2026-08-17,3,16
7c1b04a7-e3f1-4495-be30-ac10ba275255,2026-08-17 16:48:26.595000-05:00,2026-08-17,3,16
7c1b04a7-e3f1-4495-be30-ac10ba275255,2026-08-17 16:49:57.607000-05:00,2026-08-17,2,16
7c1b04a7-e3f1-4495-be30-ac10ba275255,2026-08-17 16:51:14.609000-05:00,2026-08-17,2,16
f333d65c-b834-4a07-8be0-6335bec383a5,2026-08-17 16:53:13.470000-05:00,2026-08-17,2,16
7c1b04a7-e3f1-4495-be30-ac10ba275255,2026-08-17 16:53:53.617000-05:00,2026-08-17,2,16
7c1b04a7-e3f1-4495-be30-ac10ba275255,2026-08-17 16:56:24.121000-05:00,2026-08-17,2,16
f333d65c-b834-4a07-8be0-6335bec383a5,2026-08-17 16:57:57.682000-05:00,2026-08-17,2,16
f333d65c-b834-4a07-8be0-6335bec383a5,2026-08-17 16:58:18.951000-05:00,2026-08-17,2,16
f333d65c-b834-4a07-8be0-6335bec383a5,2026-08-17 17:00:07.626000-05:00,2026-08-17,3,17
7c1b04a7-e3f1-4495-be30-ac10ba275255,2026-08-17 17:01:11.189000-05:00,2026-08-17,3,17
7c1b04a7-e3f1-4495-be30-ac10ba275255,2026-08-17 17:08:07.833000-05:00,2026-08-17,3,17
7c1b04a7-e3f1-4495-be30-ac10ba275255,2026-08-17 17:08:13.268000-05:00,2026-08-17,3,17
codex-01a011ca-200,2026-08-17 17:14:40.229000-05:00,2026-08-17,3,17
466fbc23-59d2-446b-94be-66869233d105,2026-08-17 19:55:57.784000-05:00,2026-08-17,1,19
466fbc23-59d2-446b-94be-66869233d105,2026-08-17 20:40:09.296000-05:00,2026-08-17,1,20
b47c2182-0a0a-4d7b-a541-bf00809e5d1b,2026-08-18 10:43:28.438000-05:00,2026-08-18,2,10
b47c2182-0a0a-4d7b-a541-bf00809e5d1b,2026-08-18 10:57:01.353000-05:00,2026-08-18,2,10
219d6352-9ceb-45df-8ca2-44e92d4afe59,2026-08-18 10:57:52.100000-05:00,2026-08-18,2,10
b47c2182-0a0a-4d7b-a541-bf00809e5d1b,2026-08-18 11:00:26.215000-05:00,2026-08-18,2,11
b47c2182-0a0a-4d7b-a541-bf00809e5d1b,2026-08-18 11:01:45.446000-05:00,2026-08-18,3,11
219d6352-9ceb-45df-8ca2-44e92d4afe59,2026-08-18 11:02:49.003000-05:00,2026-08-18,3,11
219d6352-9ceb-45df-8ca2-44e92d4afe59,2026-08-18 11:11:13.536000-05:00,2026-08-18,3,11
codex-01a011ca-200,2026-08-18 11:15:54.186000-05:00,2026-08-18,4,11
219d6352-9ceb-45df-8ca2-44e92d4afe59,2026-08-18 11:17:37.371000-05:00,2026-08-18,3,11
219d6352-9ceb-45df-8ca2-44e92d4afe59,2026-08-18 11:29:19.093000-05:00,2026-08-18,3,11
806a7731-80cf-4073-90b0-2700146cd3de,2026-08-18 11:30:15.059000-05:00,2026-08-18,3,11
806a7731-80cf-4073-90b0-2700146cd3de,2026-08-18 11:35:05.524000-05:00,2026-08-18,4,11
219d6352-9ceb-45df-8ca2-44e92d4afe59,2026-08-18 11:35:42.118000-05:00,2026-08-18,4,11
806a7731-80cf-4073-90b0-2700146cd3de,2026-08-18 11:36:20.027000-05:00,2026-08-18,4,11
806a7731-80cf-4073-90b0-2700146cd3de,2026-08-18 11:38:23.642000-05:00,2026-08-18,4,11
806a7731-80cf-4073-90b0-2700146cd3de,2026-08-18 11:44:13.497000-05:00,2026-08-18,4,11
1b2eb478-c55b-4919-9a25-a6d6ead41872,2026-08-18 11:46:37.908000-05:00,2026-08-18,4,11
cc3d7c20-9a1a-425d-bd5b-100674761bbf,2026-08-18 11:49:15.246000-05:00,2026-08-18,4,11
1b2eb478-c55b-4919-9a25-a6d6ead41872,2026-08-18 11:52:44.854000-05:00,2026-08-18,3,11
cc3d7c20-9a1a-425d-bd5b-100674761bbf,2026-08-18 12:19:28.001000-05:00,2026-08-18,2,12
219d6352-9ceb-45df-8ca2-44e92d4afe59,2026-08-18 12:20:46.159000-05:00,2026-08-18,2,12
219d6352-9ceb-45df-8ca2-44e92d4afe59,2026-08-18 12:22:03.487000-05:00,2026-08-18,2,12
cc3d7c20-9a1a-425d-bd5b-100674761bbf,2026-08-18 12:22:47.213000-05:00,2026-08-18,2,12
219d6352-9ceb-45df-8ca2-44e92d4afe59,2026-08-18 12:37:32.039000-05:00,2026-08-18,4,12
cc3d7c20-9a1a-425d-bd5b-100674761bbf,2026-08-18 12:37:46.744000-05:00,2026-08-18,4,12
1b2eb478-c55b-4919-9a25-a6d6ead41872,2026-08-18 12:38:39.271000-05:00,2026-08-18,4,12
6f2663ca-6126-427d-8bd3-59552b4f9ac6,2026-08-18 12:44:41.230000-05:00,2026-08-18,4,12
6f2663ca-6126-427d-8bd3-59552b4f9ac6,2026-08-18 12:46:13.108000-05:00,2026-08-18,4,12
6f2663ca-6126-427d-8bd3-59552b4f9ac6,2026-08-18 12:51:23.789000-05:00,2026-08-18,4,12
cc3d7c20-9a1a-425d-bd5b-100674761bbf,2026-08-18 12:51:28.164000-05:00,2026-08-18,4,12
219d6352-9ceb-45df-8ca2-44e92d4afe59,2026-08-18 12:57:49.595000-05:00,2026-08-18,3,12
6f2663ca-6126-427d-8bd3-59552b4f9ac6,2026-08-18 12:58:06.736000-05:00,2026-08-18,3,12
219d6352-9ceb-45df-8ca2-44e92d4afe59,2026-08-18 13:01:45.206000-05:00,2026-08-18,3,13
219d6352-9ceb-45df-8ca2-44e92d4afe59,2026-08-18 13:02:05.970000-05:00,2026-08-18,3,13
6f2663ca-6126-427d-8bd3-59552b4f9ac6,2026-08-18 14:13:00.441000-05:00,2026-08-18,4,14
1b2eb478-c55b-4919-9a25-a6d6ead41872,2026-08-18 14:14:49.766000-05:00,2026-08-18,4,14
1b2eb478-c55b-4919-9a25-a6d6ead41872,2026-08-18 14:15:31.810000-05:00,2026-08-18,4,14
7b742304-8571-464a-830a-a92158a5647b,2026-08-18 14:16:28.671000-05:00,2026-08-18,4,14
7b742304-8571-464a-830a-a92158a5647b,2026-08-18 14:17:22.568000-05:00,2026-08-18,4,14
1b2eb478-c55b-4919-9a25-a6d6ead41872,2026-08-18 14:18:40.455000-05:00,2026-08-18,4,14
038923c3-85b5-4bbc-b25b-5679f3243076,2026-08-18 14:20:56.206000-05:00,2026-08-18,4,14
7b742304-8571-464a-830a-a92158a5647b,2026-08-18 14:21:59.269000-05:00,2026-08-18,4,14
038923c3-85b5-4bbc-b25b-5679f3243076,2026-08-18 15:20:10.770000-05:00,2026-08-18,4,15
1b2eb478-c55b-4919-9a25-a6d6ead41872,2026-08-18 15:21:53.589000-05:00,2026-08-18,5,15
cc3d7c20-9a1a-425d-bd5b-100674761bbf,2026-08-18 15:22:23.845000-05:00,2026-08-18,5,15
1b2eb478-c55b-4919-9a25-a6d6ead41872,2026-08-18 15:23:02.815000-05:00,2026-08-18,5,15
0266a138-8a2c-446e-83c4-4684014cacf9,2026-08-18 15:23:45.118000-05:00,2026-08-18,5,15
1b2eb478-c55b-4919-9a25-a6d6ead41872,2026-08-18 15:25:04.786000-05:00,2026-08-18,5,15
0266a138-8a2c-446e-83c4-4684014cacf9,2026-08-18 15:25:29.573000-05:00,2026-08-18,5,15
0266a138-8a2c-446e-83c4-4684014cacf9,2026-08-18 15:26:38.717000-05:00,2026-08-18,5,15
1b2eb478-c55b-4919-9a25-a6d6ead41872,2026-08-18 15:27:14.334000-05:00,2026-08-18,5,15
038923c3-85b5-4bbc-b25b-5679f3243076,2026-08-18 15:27:56.647000-05:00,2026-08-18,5,15
038923c3-85b5-4bbc-b25b-5679f3243076,2026-08-18 15:29:31.010000-05:00,2026-08-18,5,15
codex-01a01696-b4a,2026-08-18 15:36:52.686000-05:00,2026-08-18,5,15
codex-01a01696-b4a,2026-08-18 15:37:32.460000-05:00,2026-08-18,4,15
codex-01a01696-b4a,2026-08-18 15:41:04.774000-05:00,2026-08-18,5,15
1b2eb478-c55b-4919-9a25-a6d6ead41872,2026-08-18 15:43:32.754000-05:00,2026-08-18,5,15
1b2eb478-c55b-4919-9a25-a6d6ead41872,2026-08-18 15:45:50.679000-05:00,2026-08-18,4,15
codex-01a01696-b4a,2026-08-18 15:51:34.629000-05:00,2026-08-18,4,15
codex-01a01696-b4a,2026-08-18 15:52:26.912000-05:00,2026-08-18,4,15
0266a138-8a2c-446e-83c4-4684014cacf9,2026-08-18 15:52:56.712000-05:00,2026-08-18,4,15
0266a138-8a2c-446e-83c4-4684014cacf9,2026-08-18 15:53:08.923000-05:00,2026-08-18,4,15
codex-01a016a6-d4e,2026-08-18 15:54:08.169000-05:00,2026-08-18,4,15
codex-01a01696-b4a,2026-08-18 16:01:00.289000-05:00,2026-08-18,3,16
2e4a2a2c-d269-4d9e-b955-bc1942cbf26e,2026-08-18 16:17:12.480000-05:00,2026-08-18,1,16
2e4a2a2c-d269-4d9e-b955-bc1942cbf26e,2026-08-18 16:45:54.647000-05:00,2026-08-18,3,16
6c08f87b-f515-4d74-8105-e581451e31b3,2026-08-18 16:51:10.292000-05:00,2026-08-18,3,16
2e4a2a2c-d269-4d9e-b955-bc1942cbf26e,2026-08-18 16:52:47.886000-05:00,2026-08-18,3,16
4280742b-b55a-4818-af60-8edaa9302c11,2026-08-18 16:55:41.597000-05:00,2026-08-18,3,16
4280742b-b55a-4818-af60-8edaa9302c11,2026-08-18 16:56:23.693000-05:00,2026-08-18,3,16
6c08f87b-f515-4d74-8105-e581451e31b3,2026-08-18 16:59:02.628000-05:00,2026-08-18,3,16
6c08f87b-f515-4d74-8105-e581451e31b3,2026-08-18 17:00:33.125000-05:00,2026-08-18,3,17
6c08f87b-f515-4d74-8105-e581451e31b3,2026-08-18 17:03:38.700000-05:00,2026-08-18,3,17
4280742b-b55a-4818-af60-8edaa9302c11,2026-08-18 17:03:44.559000-05:00,2026-08-18,3,17
4280742b-b55a-4818-af60-8edaa9302c11,2026-08-18 17:11:46.819000-05:00,2026-08-18,2,17
4280742b-b55a-4818-af60-8edaa9302c11,2026-08-18 17:12:34.610000-05:00,2026-08-18,2,17
4280742b-b55a-4818-af60-8edaa9302c11,2026-08-18 17:16:20.662000-05:00,2026-08-18,2,17
4280742b-b55a-4818-af60-8edaa9302c11,2026-08-18 17:18:54.482000-05:00,2026-08-18,2,17
4280742b-b55a-4818-af60-8edaa9302c11,2026-08-18 17:20:56.417000-05:00,2026-08-18,2,17
4280742b-b55a-4818-af60-8edaa9302c11,2026-08-18 17:23:33.362000-05:00,2026-08-18,2,17
4280742b-b55a-4818-af60-8edaa9302c11,2026-08-18 17:24:04.335000-05:00,2026-08-18,2,17
4280742b-b55a-4818-af60-8edaa9302c11,2026-08-18 17:27:50.963000-05:00,2026-08-18,2,17
4280742b-b55a-4818-af60-8edaa9302c11,2026-08-18 17:29:06.891000-05:00,2026-08-18,2,17
6c08f87b-f515-4d74-8105-e581451e31b3,2026-08-18 17:33:54.287000-05:00,2026-08-18,2,17
4280742b-b55a-4818-af60-8edaa9302c11,2026-08-18 17:35:49.242000-05:00,2026-08-18,2,17
4280742b-b55a-4818-af60-8edaa9302c11,2026-08-18 18:22:22.088000-05:00,2026-08-18,3,18
5514ab0a-dd56-4445-a014-9729a877bc16,2026-08-18 18:22:54.272000-05:00,2026-08-18,3,18
5514ab0a-dd56-4445-a014-9729a877bc16,2026-08-18 18:22:58.177000-05:00,2026-08-18,3,18
6c08f87b-f515-4d74-8105-e581451e31b3,2026-08-18 18:23:42.955000-05:00,2026-08-18,3,18
6c08f87b-f515-4d74-8105-e581451e31b3,2026-08-18 18:42:35.714000-05:00,2026-08-18,1,18
4280742b-b55a-4818-af60-8edaa9302c11,2026-08-18 19:09:01.159000-05:00,2026-08-18,2,19
6c08f87b-f515-4d74-8105-e581451e31b3,2026-08-18 19:09:19.317000-05:00,2026-08-18,2,19
6c08f87b-f515-4d74-8105-e581451e31b3,2026-08-18 19:10:25.238000-05:00,2026-08-18,2,19
4280742b-b55a-4818-af60-8edaa9302c11,2026-08-18 19:10:53.176000-05:00,2026-08-18,2,19
4280742b-b55a-4818-af60-8edaa9302c11,2026-08-18 19:16:34.408000-05:00,2026-08-18,2,19
4280742b-b55a-4818-af60-8edaa9302c11,2026-08-18 19:17:25.699000-05:00,2026-08-18,2,19
f11efba6-7de5-4eac-bcc5-d222d9234fd3,2026-08-18 19:42:07.073000-05:00,2026-08-18,3,19
f11efba6-7de5-4eac-bcc5-d222d9234fd3,2026-08-18 19:44:04.561000-05:00,2026-08-18,3,19
f11efba6-7de5-4eac-bcc5-d222d9234fd3,2026-08-18 19:46:00.685000-05:00,2026-08-18,3,19
f11efba6-7de5-4eac-bcc5-d222d9234fd3,2026-08-18 19:49:35.408000-05:00,2026-08-18,3,19
6c08f87b-f515-4d74-8105-e581451e31b3,2026-08-18 19:51:29.485000-05:00,2026-08-18,3,19
4280742b-b55a-4818-af60-8edaa9302c11,2026-08-18 19:51:34.377000-05:00,2026-08-18,3,19
f11efba6-7de5-4eac-bcc5-d222d9234fd3,2026-08-18 19:57:47.015000-05:00,2026-08-18,3,19
6c08f87b-f515-4d74-8105-e581451e31b3,2026-08-18 20:00:57.995000-05:00,2026-08-18,3,20
4280742b-b55a-4818-af60-8edaa9302c11,2026-08-18 20:01:02.578000-05:00,2026-08-18,3,20
6c08f87b-f515-4d74-8105-e581451e31b3,2026-08-18 20:01:24.672000-05:00,2026-08-18,3,20
6c08f87b-f515-4d74-8105-e581451e31b3,2026-08-18 20:25:35.212000-05:00,2026-08-18,1,20
6c08f87b-f515-4d74-8105-e581451e31b3,2026-08-18 20:27:45.303000-05:00,2026-08-18,1,20
6c08f87b-f515-4d74-8105-e581451e31b3,2026-08-19 06:57:22.012000-05:00,2026-08-19,2,6
4280742b-b55a-4818-af60-8edaa9302c11,2026-08-19 06:57:31.105000-05:00,2026-08-19,2,6
6c08f87b-f515-4d74-8105-e581451e31b3,2026-08-19 07:10:58.338000-05:00,2026-08-19,2,7
4280742b-b55a-4818-af60-8edaa9302c11,2026-08-19 10:10:34.911000-05:00,2026-08-19,1,10
6c08f87b-f515-4d74-8105-e581451e31b3,2026-08-19 10:40:44.969000-05:00,2026-08-19,2,10
4280742b-b55a-4818-af60-8edaa9302c11,2026-08-19 10:40:57.667000-05:00,2026-08-19,2,10
6c08f87b-f515-4d74-8105-e581451e31b3,2026-08-19 10:53:25.390000-05:00,2026-08-19,2,10
6c08f87b-f515-4d74-8105-e581451e31b3,2026-08-19 12:43:24.464000-05:00,2026-08-19,1,12
6c08f87b-f515-4d74-8105-e581451e31b3,2026-08-19 13:09:18.481000-05:00,2026-08-19,2,13
3afa3594-7f5d-4424-afa4-c95aa3d56b4d,2026-08-19 13:10:47.503000-05:00,2026-08-19,2,13
3afa3594-7f5d-4424-afa4-c95aa3d56b4d,2026-08-19 13:19:04.932000-05:00,2026-08-19,2,13
3afa3594-7f5d-4424-afa4-c95aa3d56b4d,2026-08-19 13:21:51.300000-05:00,2026-08-19,2,13
6c08f87b-f515-4d74-8105-e581451e31b3,2026-08-19 13:22:46.280000-05:00,2026-08-19,2,13
6c08f87b-f515-4d74-8105-e581451e31b3,2026-08-19 13:28:50.396000-05:00,2026-08-19,3,13
119eeeb9-7d2b-424e-bdbb-7a4ccd119281,2026-08-19 13:42:42.983000-05:00,2026-08-19,3,13
119eeeb9-7d2b-424e-bdbb-7a4ccd119281,2026-08-19 13:43:38.441000-05:00,2026-08-19,3,13
2beffeaa-785e-4eef-baad-28e39f3f83c0,2026-08-19 13:47:06.617000-05:00,2026-08-19,2,13
2beffeaa-785e-4eef-baad-28e39f3f83c0,2026-08-19 14:02:46.554000-05:00,2026-08-19,4,14
e1d392bf-5035-44c6-89f6-8fd3ce23e9b8,2026-08-19 14:03:35.617000-05:00,2026-08-19,4,14
1b2eb478-c55b-4919-9a25-a6d6ead41872,2026-08-19 14:04:57.400000-05:00,2026-08-19,4,14
1b2eb478-c55b-4919-9a25-a6d6ead41872,2026-08-19 14:05:07.907000-05:00,2026-08-19,4,14
e1d392bf-5035-44c6-89f6-8fd3ce23e9b8,2026-08-19 14:05:39.136000-05:00,2026-08-19,4,14
e1d392bf-5035-44c6-89f6-8fd3ce23e9b8,2026-08-19 14:08:41.597000-05:00,2026-08-19,4,14
6c08f87b-f515-4d74-8105-e581451e31b3,2026-08-19 14:09:43.389000-05:00,2026-08-19,4,14
e1d392bf-5035-44c6-89f6-8fd3ce23e9b8,2026-08-19 14:11:15.804000-05:00,2026-08-19,4,14
1b2eb478-c55b-4919-9a25-a6d6ead41872,2026-08-19 14:18:31.032000-05:00,2026-08-19,5,14
1b2eb478-c55b-4919-9a25-a6d6ead41872,2026-08-19 14:21:21.921000-05:00,2026-08-19,5,14
1b2eb478-c55b-4919-9a25-a6d6ead41872,2026-08-19 14:24:07.494000-05:00,2026-08-19,5,14
1b2eb478-c55b-4919-9a25-a6d6ead41872,2026-08-19 14:25:53.711000-05:00,2026-08-19,4,14
1b2eb478-c55b-4919-9a25-a6d6ead41872,2026-08-19 14:29:27.443000-05:00,2026-08-19,3,14
a8450107-78d7-4253-a56a-d155fdd3ceb7,2026-08-19 14:29:41.188000-05:00,2026-08-19,3,14
b5b4615b-4601-4f24-be4f-bd35f634e7a5,2026-08-19 14:31:07.586000-05:00,2026-08-19,4,14
a8450107-78d7-4253-a56a-d155fdd3ceb7,2026-08-19 14:32:13.412000-05:00,2026-08-19,4,14
a8450107-78d7-4253-a56a-d155fdd3ceb7,2026-08-19 14:35:26.382000-05:00,2026-08-19,4,14
a8450107-78d7-4253-a56a-d155fdd3ceb7,2026-08-19 14:42:57.594000-05:00,2026-08-19,4,14
6f2663ca-6126-427d-8bd3-59552b4f9ac6,2026-08-19 14:45:28.118000-05:00,2026-08-19,3,14
6f2663ca-6126-427d-8bd3-59552b4f9ac6,2026-08-19 14:45:51.127000-05:00,2026-08-19,3,14
a8450107-78d7-4253-a56a-d155fdd3ceb7,2026-08-19 14:46:25.937000-05:00,2026-08-19,2,14
6f2663ca-6126-427d-8bd3-59552b4f9ac6,2026-08-19 14:59:55.568000-05:00,2026-08-19,2,14
6f2663ca-6126-427d-8bd3-59552b4f9ac6,2026-08-19 15:12:47.646000-05:00,2026-08-19,4,15
43738567-3fce-49c4-8ccc-24d744749804,2026-08-19 15:15:14.497000-05:00,2026-08-19,4,15
43738567-3fce-49c4-8ccc-24d744749804,2026-08-19 15:15:42.114000-05:00,2026-08-19,4,15
43738567-3fce-49c4-8ccc-24d744749804,2026-08-19 15:17:00.106000-05:00,2026-08-19,4,15
43738567-3fce-49c4-8ccc-24d744749804,2026-08-19 15:19:18.446000-05:00,2026-08-19,4,15
8933a664-a917-4c9e-a94a-d6c28de12bce,2026-08-19 15:24:32.179000-05:00,2026-08-19,4,15
6fa19082-9122-49ec-a8d8-9531d8f8d968,2026-08-19 15:25:29.951000-05:00,2026-08-19,4,15
8933a664-a917-4c9e-a94a-d6c28de12bce,2026-08-19 15:28:24.977000-05:00,2026-08-19,4,15
6fa19082-9122-49ec-a8d8-9531d8f8d968,2026-08-19 15:29:50.256000-05:00,2026-08-19,4,15
8933a664-a917-4c9e-a94a-d6c28de12bce,2026-08-19 15:32:44.513000-05:00,2026-08-19,4,15
8933a664-a917-4c9e-a94a-d6c28de12bce,2026-08-19 15:35:29.642000-05:00,2026-08-19,3,15
6fa19082-9122-49ec-a8d8-9531d8f8d968,2026-08-19 15:35:36.838000-05:00,2026-08-19,3,15
8933a664-a917-4c9e-a94a-d6c28de12bce,2026-08-19 15:39:59.368000-05:00,2026-08-19,3,15
cb0b6f38-3e28-4f02-8bc0-be0b11e83819,2026-08-19 15:41:14.786000-05:00,2026-08-19,3,15
cb0b6f38-3e28-4f02-8bc0-be0b11e83819,2026-08-19 15:47:02.606000-05:00,2026-08-19,3,15
cb0b6f38-3e28-4f02-8bc0-be0b11e83819,2026-08-19 15:50:04.466000-05:00,2026-08-19,3,15
6fa19082-9122-49ec-a8d8-9531d8f8d968,2026-08-19 16:03:33.322000-05:00,2026-08-19,3,16
8933a664-a917-4c9e-a94a-d6c28de12bce,2026-08-19 16:04:07.447000-05:00,2026-08-19,3,16
8933a664-a917-4c9e-a94a-d6c28de12bce,2026-08-19 16:06:11.461000-05:00,2026-08-19,3,16
6fa19082-9122-49ec-a8d8-9531d8f8d968,2026-08-19 16:06:32.942000-05:00,2026-08-19,3,16
8933a664-a917-4c9e-a94a-d6c28de12bce,2026-08-19 16:07:21.715000-05:00,2026-08-19,3,16
8933a664-a917-4c9e-a94a-d6c28de12bce,2026-08-19 16:08:58.363000-05:00,2026-08-19,3,16
6fa19082-9122-49ec-a8d8-9531d8f8d968,2026-08-19 16:09:55.585000-05:00,2026-08-19,3,16
8933a664-a917-4c9e-a94a-d6c28de12bce,2026-08-19 16:10:08.146000-05:00,2026-08-19,3,16
8933a664-a917-4c9e-a94a-d6c28de12bce,2026-08-19 16:12:08.325000-05:00,2026-08-19,3,16
8933a664-a917-4c9e-a94a-d6c28de12bce,2026-08-19 16:13:56.377000-05:00,2026-08-19,3,16
9c3b8eae-814c-408c-9af6-a42bccfe4264,2026-08-19 16:20:50.300000-05:00,2026-08-19,4,16
8933a664-a917-4c9e-a94a-d6c28de12bce,2026-08-19 16:22:00.511000-05:00,2026-08-19,4,16
6fa19082-9122-49ec-a8d8-9531d8f8d968,2026-08-19 16:22:39.100000-05:00,2026-08-19,4,16
8933a664-a917-4c9e-a94a-d6c28de12bce,2026-08-19 16:27:20.304000-05:00,2026-08-19,4,16
8933a664-a917-4c9e-a94a-d6c28de12bce,2026-08-19 16:30:53.990000-05:00,2026-08-19,4,16
6fa19082-9122-49ec-a8d8-9531d8f8d968,2026-08-19 16:31:30.291000-05:00,2026-08-19,4,16
8933a664-a917-4c9e-a94a-d6c28de12bce,2026-08-19 16:32:36.706000-05:00,2026-08-19,4,16
17505a87-322d-496d-8e76-87e24c956d78,2026-08-19 16:33:58.195000-05:00,2026-08-19,4,16
17505a87-322d-496d-8e76-87e24c956d78,2026-08-19 16:36:49.803000-05:00,2026-08-19,3,16
eea568ab-207f-40e4-8f0f-5ba741b272c6,2026-08-19 17:01:32.099000-05:00,2026-08-19,1,17
eea568ab-207f-40e4-8f0f-5ba741b272c6,2026-08-19 17:03:57.512000-05:00,2026-08-19,1,17
eea568ab-207f-40e4-8f0f-5ba741b272c6,2026-08-19 17:04:51.162000-05:00,2026-08-19,2,17
eea568ab-207f-40e4-8f0f-5ba741b272c6,2026-08-19 17:06:43.964000-05:00,2026-08-19,2,17
eea568ab-207f-40e4-8f0f-5ba741b272c6,2026-08-19 17:08:17.771000-05:00,2026-08-19,2,17
eea568ab-207f-40e4-8f0f-5ba741b272c6,2026-08-19 17:10:01.739000-05:00,2026-08-19,2,17
eea568ab-207f-40e4-8f0f-5ba741b272c6,2026-08-19 17:12:22.165000-05:00,2026-08-19,2,17
eea568ab-207f-40e4-8f0f-5ba741b272c6,2026-08-19 17:12:42.238000-05:00,2026-08-19,2,17
eea568ab-207f-40e4-8f0f-5ba741b272c6,2026-08-19 17:13:20.356000-05:00,2026-08-19,2,17
eea568ab-207f-40e4-8f0f-5ba741b272c6,2026-08-19 17:15:57.425000-05:00,2026-08-19,2,17
eea568ab-207f-40e4-8f0f-5ba741b272c6,2026-08-19 17:18:04.867000-05:00,2026-08-19,2,17
221f8b59-6dba-490f-830a-b393fb6b620e,2026-08-19 17:19:22.111000-05:00,2026-08-19,2,17
eea568ab-207f-40e4-8f0f-5ba741b272c6,2026-08-19 17:21:27.845000-05:00,2026-08-19,2,17
eea568ab-207f-40e4-8f0f-5ba741b272c6,2026-08-19 17:27:26.325000-05:00,2026-08-19,2,17
eea568ab-207f-40e4-8f0f-5ba741b272c6,2026-08-19 17:29:13.113000-05:00,2026-08-19,2,17
221f8b59-6dba-490f-830a-b393fb6b620e,2026-08-19 17:32:48.853000-05:00,2026-08-19,2,17
eea568ab-207f-40e4-8f0f-5ba741b272c6,2026-08-19 17:32:58.631000-05:00,2026-08-19,2,17
221f8b59-6dba-490f-830a-b393fb6b620e,2026-08-19 17:47:38.372000-05:00,2026-08-19,2,17
6fa19082-9122-49ec-a8d8-9531d8f8d968,2026-08-19 19:44:49.422000-05:00,2026-08-19,4,19
8933a664-a917-4c9e-a94a-d6c28de12bce,2026-08-19 19:46:33.602000-05:00,2026-08-19,4,19
eea568ab-207f-40e4-8f0f-5ba741b272c6,2026-08-19 19:47:08.113000-05:00,2026-08-19,4,19
8933a664-a917-4c9e-a94a-d6c28de12bce,2026-08-19 19:49:07.882000-05:00,2026-08-19,4,19
6fa19082-9122-49ec-a8d8-9531d8f8d968,2026-08-19 19:51:13.871000-05:00,2026-08-19,4,19
eea568ab-207f-40e4-8f0f-5ba741b272c6,2026-08-19 19:56:18.818000-05:00,2026-08-19,4,19
eea568ab-207f-40e4-8f0f-5ba741b272c6,2026-08-19 19:56:52.133000-05:00,2026-08-19,4,19
eea568ab-207f-40e4-8f0f-5ba741b272c6,2026-08-19 19:58:12.128000-05:00,2026-08-19,4,19
e213bad4-a23e-40ed-a3bb-e471fc9afc31,2026-08-19 19:58:54.215000-05:00,2026-08-19,5,19
e213bad4-a23e-40ed-a3bb-e471fc9afc31,2026-08-19 19:59:37.542000-05:00,2026-08-19,5,19
e213bad4-a23e-40ed-a3bb-e471fc9afc31,2026-08-19 19:59:59.036000-05:00,2026-08-19,5,19
e213bad4-a23e-40ed-a3bb-e471fc9afc31,2026-08-19 20:00:29.427000-05:00,2026-08-19,5,20
e213bad4-a23e-40ed-a3bb-e471fc9afc31,2026-08-19 20:01:06.297000-05:00,2026-08-19,5,20
e213bad4-a23e-40ed-a3bb-e471fc9afc31,2026-08-19 20:01:39.473000-05:00,2026-08-19,5,20
e213bad4-a23e-40ed-a3bb-e471fc9afc31,2026-08-19 20:01:50.783000-05:00,2026-08-19,5,20
e213bad4-a23e-40ed-a3bb-e471fc9afc31,2026-08-19 20:02:56.855000-05:00,2026-08-19,5,20
e213bad4-a23e-40ed-a3bb-e471fc9afc31,2026-08-19 20:03:22.580000-05:00,2026-08-19,5,20
bf5e4211-ae72-4279-ab9b-fe7cab7c86fc,2026-08-19 20:13:32.571000-05:00,2026-08-19,2,20
bf5e4211-ae72-4279-ab9b-fe7cab7c86fc,2026-08-19 20:13:54.049000-05:00,2026-08-19,2,20
bf5e4211-ae72-4279-ab9b-fe7cab7c86fc,2026-08-19 20:14:42.489000-05:00,2026-08-19,2,20
bf5e4211-ae72-4279-ab9b-fe7cab7c86fc,2026-08-19 20:15:18.177000-05:00,2026-08-19,2,20
bf5e4211-ae72-4279-ab9b-fe7cab7c86fc,2026-08-19 20:16:59.373000-05:00,2026-08-19,2,20
bf5e4211-ae72-4279-ab9b-fe7cab7c86fc,2026-08-19 21:02:32.875000-05:00,2026-08-19,1,21
0b7594b0-8a56-4e1e-8cf5-499b9b256fb1,2026-08-19 21:20:25.377000-05:00,2026-08-19,4,21
f1b9b2ed-9664-4ec9-989e-b1c9bed1885c,2026-08-19 21:22:31.760000-05:00,2026-08-19,5,21
bf5e4211-ae72-4279-ab9b-fe7cab7c86fc,2026-08-19 21:22:41.238000-05:00,2026-08-19,5,21
75420ab7-880e-4034-8874-68476221451f,2026-08-19 21:26:53.225000-05:00,2026-08-19,5,21
75420ab7-880e-4034-8874-68476221451f,2026-08-19 21:27:06.220000-05:00,2026-08-19,5,21
75420ab7-880e-4034-8874-68476221451f,2026-08-19 21:27:27.458000-05:00,2026-08-19,5,21
75420ab7-880e-4034-8874-68476221451f,2026-08-19 21:27:35.901000-05:00,2026-08-19,5,21
f1b9b2ed-9664-4ec9-989e-b1c9bed1885c,2026-08-19 21:35:55.336000-05:00,2026-08-19,4,21
77613d5a-4e2a-47f5-a477-66181f251695,2026-08-19 21:37:24.743000-05:00,2026-08-19,4,21
77613d5a-4e2a-47f5-a477-66181f251695,2026-08-19 21:38:41.948000-05:00,2026-08-19,3,21
77613d5a-4e2a-47f5-a477-66181f251695,2026-08-19 21:39:41.923000-05:00,2026-08-19,4,21
77613d5a-4e2a-47f5-a477-66181f251695,2026-08-19 21:40:08.110000-05:00,2026-08-19,4,21
77613d5a-4e2a-47f5-a477-66181f251695,2026-08-19 21:41:01.194000-05:00,2026-08-19,4,21
77613d5a-4e2a-47f5-a477-66181f251695,2026-08-19 21:42:03.257000-05:00,2026-08-19,4,21
77613d5a-4e2a-47f5-a477-66181f251695,2026-08-19 21:42:51.346000-05:00,2026-08-19,3,21
f1b9b2ed-9664-4ec9-989e-b1c9bed1885c,2026-08-19 21:44:02.668000-05:00,2026-08-19,3,21
f1b9b2ed-9664-4ec9-989e-b1c9bed1885c,2026-08-19 21:45:55.072000-05:00,2026-08-19,4,21
77613d5a-4e2a-47f5-a477-66181f251695,2026-08-19 21:47:34.302000-05:00,2026-08-19,4,21
f1b9b2ed-9664-4ec9-989e-b1c9bed1885c,2026-08-19 21:52:06.444000-05:00,2026-08-19,4,21
bf5e4211-ae72-4279-ab9b-fe7cab7c86fc,2026-08-19 21:53:43.001000-05:00,2026-08-19,4,21
f1b9b2ed-9664-4ec9-989e-b1c9bed1885c,2026-08-19 21:57:36.834000-05:00,2026-08-19,5,21
04039035-848e-4943-ae10-a7640ee7ad09,2026-08-19 21:59:32.615000-05:00,2026-08-19,5,21
77613d5a-4e2a-47f5-a477-66181f251695,2026-08-19 22:00:32.649000-05:00,2026-08-19,5,22
77613d5a-4e2a-47f5-a477-66181f251695,2026-08-19 22:00:37.885000-05:00,2026-08-19,5,22
77613d5a-4e2a-47f5-a477-66181f251695,2026-08-19 22:01:08.766000-05:00,2026-08-19,5,22
77613d5a-4e2a-47f5-a477-66181f251695,2026-08-19 22:03:07.147000-05:00,2026-08-19,5,22
77613d5a-4e2a-47f5-a477-66181f251695,2026-08-19 22:04:03.736000-05:00,2026-08-19,5,22
77613d5a-4e2a-47f5-a477-66181f251695,2026-08-19 22:06:32.797000-05:00,2026-08-19,5,22
bf5e4211-ae72-4279-ab9b-fe7cab7c86fc,2026-08-19 22:06:59-05:00,2026-08-19,5,22
77613d5a-4e2a-47f5-a477-66181f251695,2026-08-19 22:07:53.868000-05:00,2026-08-19,5,22
77613d5a-4e2a-47f5-a477-66181f251695,2026-08-19 22:10:18.455000-05:00,2026-08-19,5,22
8933a664-a917-4c9e-a94a-d6c28de12bce,2026-08-19 22:12:00.605000-05:00,2026-08-19,6,22
77613d5a-4e2a-47f5-a477-66181f251695,2026-08-19 22:14:51.269000-05:00,2026-08-19,4,22
bf5e4211-ae72-4279-ab9b-fe7cab7c86fc,2026-08-19 22:17:42.328000-05:00,2026-08-19,4,22
8933a664-a917-4c9e-a94a-d6c28de12bce,2026-08-19 22:24:10.154000-05:00,2026-08-19,4,22
77613d5a-4e2a-47f5-a477-66181f251695,2026-08-19 22:26:01.627000-05:00,2026-08-19,4,22
e51e713f-5173-4362-ab35-56aca22dee91,2026-08-19 22:26:34.425000-05:00,2026-08-19,4,22
e51e713f-5173-4362-ab35-56aca22dee91,2026-08-19 22:27:11.605000-05:00,2026-08-19,4,22
8933a664-a917-4c9e-a94a-d6c28de12bce,2026-08-19 22:38:57.514000-05:00,2026-08-19,4,22
8933a664-a917-4c9e-a94a-d6c28de12bce,2026-08-19 22:39:15.380000-05:00,2026-08-19,4,22
e51e713f-5173-4362-ab35-56aca22dee91,2026-08-19 22:39:22.557000-05:00,2026-08-19,4,22
8933a664-a917-4c9e-a94a-d6c28de12bce,2026-08-19 22:40:05.538000-05:00,2026-08-19,4,22
6fa19082-9122-49ec-a8d8-9531d8f8d968,2026-08-19 22:51:49.683000-05:00,2026-08-19,3,22
8fea81b0-b40b-4145-9b82-e51ecda965ea,2026-08-20 07:14:47.301000-05:00,2026-08-20,2,7
4d016cb1-1f90-4d52-b6dc-99b7aa51f3e9,2026-08-20 07:15:09.092000-05:00,2026-08-20,2,7
4d016cb1-1f90-4d52-b6dc-99b7aa51f3e9,2026-08-20 07:15:18.235000-05:00,2026-08-20,2,7
8fea81b0-b40b-4145-9b82-e51ecda965ea,2026-08-20 07:33:45.368000-05:00,2026-08-20,1,7
8fea81b0-b40b-4145-9b82-e51ecda965ea,2026-08-20 07:39:24.887000-05:00,2026-08-20,1,7
bf5e4211-ae72-4279-ab9b-fe7cab7c86fc,2026-08-20 09:53:46.152000-05:00,2026-08-20,1,9
fa692421-a1d0-4936-9142-d81e31860b61,2026-08-20 10:08:55.242000-05:00,2026-08-20,1,10
fa692421-a1d0-4936-9142-d81e31860b61,2026-08-20 10:16:49.507000-05:00,2026-08-20,1,10
fa692421-a1d0-4936-9142-d81e31860b61,2026-08-20 10:37:34.415000-05:00,2026-08-20,2,10
bf5e4211-ae72-4279-ab9b-fe7cab7c86fc,2026-08-20 10:42:43.721000-05:00,2026-08-20,2,10
5c374b0a-ded9-4b0d-bf31-e61020e237cd,2026-08-20 13:33:08.057000-05:00,2026-08-20,2,13
5c374b0a-ded9-4b0d-bf31-e61020e237cd,2026-08-20 13:34:33.742000-05:00,2026-08-20,2,13
5c374b0a-ded9-4b0d-bf31-e61020e237cd,2026-08-20 13:35:37.761000-05:00,2026-08-20,2,13
5c374b0a-ded9-4b0d-bf31-e61020e237cd,2026-08-20 13:35:51.516000-05:00,2026-08-20,2,13
5c374b0a-ded9-4b0d-bf31-e61020e237cd,2026-08-20 13:38:28.581000-05:00,2026-08-20,2,13
bf5e4211-ae72-4279-ab9b-fe7cab7c86fc,2026-08-20 13:43:23.390000-05:00,2026-08-20,2,13
4d016cb1-1f90-4d52-b6dc-99b7aa51f3e9,2026-08-20 14:14:53.261000-05:00,2026-08-20,2,14
8fea81b0-b40b-4145-9b82-e51ecda965ea,2026-08-20 14:23:18.027000-05:00,2026-08-20,2,14
8fea81b0-b40b-4145-9b82-e51ecda965ea,2026-08-20 14:35:13-05:00,2026-08-20,1,14
8fea81b0-b40b-4145-9b82-e51ecda965ea,2026-08-20 14:58:14.380000-05:00,2026-08-20,2,14
4d016cb1-1f90-4d52-b6dc-99b7aa51f3e9,2026-08-20 14:58:21.501000-05:00,2026-08-20,2,14
8fea81b0-b40b-4145-9b82-e51ecda965ea,2026-08-20 15:32:39.739000-05:00,2026-08-20,3,15
4d016cb1-1f90-4d52-b6dc-99b7aa51f3e9,2026-08-20 15:32:41.838000-05:00,2026-08-20,3,15
4c8a7df8-c04f-44c0-8618-b0b9fba92cf9,2026-08-20 15:39:57.031000-05:00,2026-08-20,3,15
4c8a7df8-c04f-44c0-8618-b0b9fba92cf9,2026-08-20 15:45:00.719000-05:00,2026-08-20,3,15
c7dc08ed-e1ce-4cea-88ff-76cd770da899,2026-08-20 16:10:37.364000-05:00,2026-08-20,3,16
c7dc08ed-e1ce-4cea-88ff-76cd770da899,2026-08-20 16:11:02.038000-05:00,2026-08-20,3,16
bf5e4211-ae72-4279-ab9b-fe7cab7c86fc,2026-08-20 16:12:02.730000-05:00,2026-08-20,3,16
bf5e4211-ae72-4279-ab9b-fe7cab7c86fc,2026-08-20 16:13:55.162000-05:00,2026-08-20,3,16
c7dc08ed-e1ce-4cea-88ff-76cd770da899,2026-08-20 16:21:57.334000-05:00,2026-08-20,3,16
c7dc08ed-e1ce-4cea-88ff-76cd770da899,2026-08-20 16:23:54.844000-05:00,2026-08-20,3,16
8fea81b0-b40b-4145-9b82-e51ecda965ea,2026-08-20 16:24:28.889000-05:00,2026-08-20,3,16
c7dc08ed-e1ce-4cea-88ff-76cd770da899,2026-08-20 16:25:37.555000-05:00,2026-08-20,3,16
c7dc08ed-e1ce-4cea-88ff-76cd770da899,2026-08-20 16:26:14.084000-05:00,2026-08-20,3,16
c7dc08ed-e1ce-4cea-88ff-76cd770da899,2026-08-20 16:28:09.486000-05:00,2026-08-20,3,16
c7dc08ed-e1ce-4cea-88ff-76cd770da899,2026-08-20 16:28:49.596000-05:00,2026-08-20,3,16
c7dc08ed-e1ce-4cea-88ff-76cd770da899,2026-08-20 16:30:28.881000-05:00,2026-08-20,2,16
c7dc08ed-e1ce-4cea-88ff-76cd770da899,2026-08-20 16:31:40.742000-05:00,2026-08-20,2,16
c7dc08ed-e1ce-4cea-88ff-76cd770da899,2026-08-20 16:31:56.911000-05:00,2026-08-20,2,16
c7dc08ed-e1ce-4cea-88ff-76cd770da899,2026-08-20 16:36:58.897000-05:00,2026-08-20,2,16
c7dc08ed-e1ce-4cea-88ff-76cd770da899,2026-08-20 16:46:41.032000-05:00,2026-08-20,2,16
c7dc08ed-e1ce-4cea-88ff-76cd770da899,2026-08-20 16:49:35.649000-05:00,2026-08-20,2,16
8fea81b0-b40b-4145-9b82-e51ecda965ea,2026-08-20 16:51:55.577000-05:00,2026-08-20,2,16
c7dc08ed-e1ce-4cea-88ff-76cd770da899,2026-08-20 16:54:13.663000-05:00,2026-08-20,2,16
8fea81b0-b40b-4145-9b82-e51ecda965ea,2026-08-20 16:54:32.260000-05:00,2026-08-20,2,16
c7dc08ed-e1ce-4cea-88ff-76cd770da899,2026-08-20 16:55:28.570000-05:00,2026-08-20,2,16
c7dc08ed-e1ce-4cea-88ff-76cd770da899,2026-08-20 16:56:05.233000-05:00,2026-08-20,2,16
c7dc08ed-e1ce-4cea-88ff-76cd770da899,2026-08-20 16:57:14.480000-05:00,2026-08-20,2,16
8fea81b0-b40b-4145-9b82-e51ecda965ea,2026-08-20 16:57:49.767000-05:00,2026-08-20,2,16
c7dc08ed-e1ce-4cea-88ff-76cd770da899,2026-08-20 16:58:16.667000-05:00,2026-08-20,2,16
c7dc08ed-e1ce-4cea-88ff-76cd770da899,2026-08-20 17:00:24.733000-05:00,2026-08-20,3,17
8fea81b0-b40b-4145-9b82-e51ecda965ea,2026-08-20 17:04:08.716000-05:00,2026-08-20,3,17
c7dc08ed-e1ce-4cea-88ff-76cd770da899,2026-08-20 17:05:16.065000-05:00,2026-08-20,3,17
c7dc08ed-e1ce-4cea-88ff-76cd770da899,2026-08-20 17:06:56.623000-05:00,2026-08-20,3,17
c7dc08ed-e1ce-4cea-88ff-76cd770da899,2026-08-20 17:07:20.683000-05:00,2026-08-20,3,17
c7dc08ed-e1ce-4cea-88ff-76cd770da899,2026-08-20 17:09:18.089000-05:00,2026-08-20,3,17
c7dc08ed-e1ce-4cea-88ff-76cd770da899,2026-08-20 17:09:44.375000-05:00,2026-08-20,3,17
c7dc08ed-e1ce-4cea-88ff-76cd770da899,2026-08-20 17:12:30.566000-05:00,2026-08-20,3,17
4d016cb1-1f90-4d52-b6dc-99b7aa51f3e9,2026-08-20 17:13:18.727000-05:00,2026-08-20,3,17
c7dc08ed-e1ce-4cea-88ff-76cd770da899,2026-08-20 17:13:58.804000-05:00,2026-08-20,3,17
c7dc08ed-e1ce-4cea-88ff-76cd770da899,2026-08-20 17:15:09.132000-05:00,2026-08-20,3,17
7853f686-4d96-4298-b011-a08aa9ec8dab,2026-08-20 18:48:39.519000-05:00,2026-08-20,2,18
7853f686-4d96-4298-b011-a08aa9ec8dab,2026-08-20 18:49:11.524000-05:00,2026-08-20,2,18
c7dc08ed-e1ce-4cea-88ff-76cd770da899,2026-08-20 18:49:29.224000-05:00,2026-08-20,2,18
7853f686-4d96-4298-b011-a08aa9ec8dab,2026-08-20 19:11:45.037000-05:00,2026-08-20,1,19
7853f686-4d96-4298-b011-a08aa9ec8dab,2026-08-20 19:16:58.630000-05:00,2026-08-20,1,19
7853f686-4d96-4298-b011-a08aa9ec8dab,2026-08-20 19:31:10.143000-05:00,2026-08-20,1,19
c7dc08ed-e1ce-4cea-88ff-76cd770da899,2026-08-20 20:13:02.990000-05:00,2026-08-20,2,20
26414936-5ed3-494d-8370-2f1d29a7aa27,2026-08-20 20:25:23.787000-05:00,2026-08-20,3,20
26414936-5ed3-494d-8370-2f1d29a7aa27,2026-08-20 20:26:49.763000-05:00,2026-08-20,3,20
49d0ba6a-5842-453b-95d5-6afc33c493c2,2026-08-20 20:29:04.716000-05:00,2026-08-20,3,20
c7dc08ed-e1ce-4cea-88ff-76cd770da899,2026-08-20 20:41:01.759000-05:00,2026-08-20,4,20
49d0ba6a-5842-453b-95d5-6afc33c493c2,2026-08-20 20:42:13.331000-05:00,2026-08-20,3,20
49d0ba6a-5842-453b-95d5-6afc33c493c2,2026-08-20 20:43:18.845000-05:00,2026-08-20,3,20
49d0ba6a-5842-453b-95d5-6afc33c493c2,2026-08-20 20:44:21.928000-05:00,2026-08-20,3,20
155d3d74-68c0-45ff-b2dc-0523ca2ca3cf,2026-08-20 20:49:54.755000-05:00,2026-08-20,3,20
49d0ba6a-5842-453b-95d5-6afc33c493c2,2026-08-20 20:53:42.914000-05:00,2026-08-20,3,20
49d0ba6a-5842-453b-95d5-6afc33c493c2,2026-08-20 20:58:38.666000-05:00,2026-08-20,3,20
c7dc08ed-e1ce-4cea-88ff-76cd770da899,2026-08-20 21:02:07.579000-05:00,2026-08-20,3,21
155d3d74-68c0-45ff-b2dc-0523ca2ca3cf,2026-08-20 21:07:03.464000-05:00,2026-08-20,3,21
155d3d74-68c0-45ff-b2dc-0523ca2ca3cf,2026-08-20 21:08:23.144000-05:00,2026-08-20,3,21
c7dc08ed-e1ce-4cea-88ff-76cd770da899,2026-08-20 21:10:06.817000-05:00,2026-08-20,3,21
49d0ba6a-5842-453b-95d5-6afc33c493c2,2026-08-20 21:10:19.473000-05:00,2026-08-20,3,21
155d3d74-68c0-45ff-b2dc-0523ca2ca3cf,2026-08-20 21:11:04.804000-05:00,2026-08-20,3,21
49d0ba6a-5842-453b-95d5-6afc33c493c2,2026-08-20 21:11:38.605000-05:00,2026-08-20,3,21
49d0ba6a-5842-453b-95d5-6afc33c493c2,2026-08-20 21:12:24.485000-05:00,2026-08-20,3,21
49d0ba6a-5842-453b-95d5-6afc33c493c2,2026-08-20 21:12:47.984000-05:00,2026-08-20,3,21
49d0ba6a-5842-453b-95d5-6afc33c493c2,2026-08-20 21:14:07.579000-05:00,2026-08-20,3,21
155d3d74-68c0-45ff-b2dc-0523ca2ca3cf,2026-08-20 21:14:22.472000-05:00,2026-08-20,3,21
c7dc08ed-e1ce-4cea-88ff-76cd770da899,2026-08-20 21:20:45.809000-05:00,2026-08-20,3,21
c7dc08ed-e1ce-4cea-88ff-76cd770da899,2026-08-20 21:48:40.464000-05:00,2026-08-20,4,21
155d3d74-68c0-45ff-b2dc-0523ca2ca3cf,2026-08-20 21:51:10.340000-05:00,2026-08-20,4,21
49d0ba6a-5842-453b-95d5-6afc33c493c2,2026-08-20 21:57:56.587000-05:00,2026-08-20,4,21
155d3d74-68c0-45ff-b2dc-0523ca2ca3cf,2026-08-20 21:58:13.373000-05:00,2026-08-20,4,21
49d0ba6a-5842-453b-95d5-6afc33c493c2,2026-08-20 22:01:59.336000-05:00,2026-08-20,4,22
fdfcb325-3c7e-44f7-ae6a-152c25ffeff9,2026-08-20 22:02:19.380000-05:00,2026-08-20,4,22
49d0ba6a-5842-453b-95d5-6afc33c493c2,2026-08-21 06:53:53.925000-05:00,2026-08-21,2,6
8442c2b0-233f-4f5a-be0f-bc13a7e0e6d5,2026-08-21 06:55:56.289000-05:00,2026-08-21,2,6
49d0ba6a-5842-453b-95d5-6afc33c493c2,2026-08-21 07:03:04.893000-05:00,2026-08-21,2,7
49d0ba6a-5842-453b-95d5-6afc33c493c2,2026-08-21 07:14:27.213000-05:00,2026-08-21,2,7
8442c2b0-233f-4f5a-be0f-bc13a7e0e6d5,2026-08-21 07:14:48.045000-05:00,2026-08-21,2,7
8442c2b0-233f-4f5a-be0f-bc13a7e0e6d5,2026-08-21 09:45:03.246000-05:00,2026-08-21,2,9
0021bbe0-b3bf-42da-8895-4e4d67c84f7d,2026-08-21 09:47:46.136000-05:00,2026-08-21,2,9
0021bbe0-b3bf-42da-8895-4e4d67c84f7d,2026-08-21 09:51:23.227000-05:00,2026-08-21,2,9
0021bbe0-b3bf-42da-8895-4e4d67c84f7d,2026-08-21 09:59:19.358000-05:00,2026-08-21,2,9
codex-01a02506-b0e,2026-08-21 10:53:24.236000-05:00,2026-08-21,1,10
codex-01a02506-b0e,2026-08-21 10:56:25.472000-05:00,2026-08-21,1,10
codex-01a02506-b0e,2026-08-21 11:01:01.538000-05:00,2026-08-21,1,11
codex-01a02506-b0e,2026-08-21 11:03:20.087000-05:00,2026-08-21,1,11
codex-01a02506-b0e,2026-08-21 11:04:28.070000-05:00,2026-08-21,1,11
codex-01a02506-b0e,2026-08-21 11:19:07.032000-05:00,2026-08-21,2,11
codex-01a02526-811,2026-08-21 11:28:14.255000-05:00,2026-08-21,2,11
codex-01a02506-b0e,2026-08-21 11:29:59.611000-05:00,2026-08-21,2,11
codex-01a02526-811,2026-08-21 11:30:23.507000-05:00,2026-08-21,2,11
codex-01a02506-b0e,2026-08-21 11:31:31.401000-05:00,2026-08-21,2,11
codex-01a02526-811,2026-08-21 11:32:01.126000-05:00,2026-08-21,2,11
codex-01a02506-b0e,2026-08-21 11:32:46.143000-05:00,2026-08-21,2,11
codex-01a02526-811,2026-08-21 11:33:05.265000-05:00,2026-08-21,2,11
codex-01a02526-811,2026-08-21 11:33:30.039000-05:00,2026-08-21,2,11
codex-01a02526-811,2026-08-21 11:35:34.618000-05:00,2026-08-21,2,11
codex-01a02526-811,2026-08-21 11:39:08.253000-05:00,2026-08-21,2,11
codex-01a02526-811,2026-08-21 11:39:40.485000-05:00,2026-08-21,2,11
codex-01a02506-b0e,2026-08-21 11:40:42.375000-05:00,2026-08-21,2,11
codex-01a02506-b0e,2026-08-21 11:45:06.055000-05:00,2026-08-21,2,11
codex-01a02526-811,2026-08-21 11:48:03.050000-05:00,2026-08-21,2,11
59c2fd8a-59b5-45fe-a008-cbfe1aa52d13,2026-08-21 12:29:10.424000-05:00,2026-08-21,2,12
c7dc08ed-e1ce-4cea-88ff-76cd770da899,2026-08-21 12:30:10.453000-05:00,2026-08-21,2,12
f11efba6-7de5-4eac-bcc5-d222d9234fd3,2026-08-21 13:09:24.759000-05:00,2026-08-21,1,13
1143c222-d7bd-47a4-9676-372cbbf0bf0e,2026-08-21 13:51:36.309000-05:00,2026-08-21,1,13
1143c222-d7bd-47a4-9676-372cbbf0bf0e,2026-08-21 13:53:33.331000-05:00,2026-08-21,1,13
1143c222-d7bd-47a4-9676-372cbbf0bf0e,2026-08-21 13:54:42.148000-05:00,2026-08-21,1,13
1143c222-d7bd-47a4-9676-372cbbf0bf0e,2026-08-21 14:12:24.202000-05:00,2026-08-21,1,14
1143c222-d7bd-47a4-9676-372cbbf0bf0e,2026-08-21 14:46:27.910000-05:00,2026-08-21,1,14
1143c222-d7bd-47a4-9676-372cbbf0bf0e,2026-08-21 15:20:42.415000-05:00,2026-08-21,1,15
1143c222-d7bd-47a4-9676-372cbbf0bf0e,2026-08-21 15:53:02.416000-05:00,2026-08-21,3,15
343efd70-d72d-4d19-aad4-6e356483d3f3,2026-08-21 15:54:01.928000-05:00,2026-08-21,3,15
9e7345ba-3806-4249-9b88-1060964d6fc0,2026-08-21 16:00:18.429000-05:00,2026-08-21,3,16
343efd70-d72d-4d19-aad4-6e356483d3f3,2026-08-21 16:00:56.502000-05:00,2026-08-21,3,16
343efd70-d72d-4d19-aad4-6e356483d3f3,2026-08-21 16:06:06.871000-05:00,2026-08-21,3,16
1143c222-d7bd-47a4-9676-372cbbf0bf0e,2026-08-21 16:07:46.673000-05:00,2026-08-21,3,16
9e7345ba-3806-4249-9b88-1060964d6fc0,2026-08-21 16:11:14.182000-05:00,2026-08-21,3,16
9e7345ba-3806-4249-9b88-1060964d6fc0,2026-08-21 16:16:26.883000-05:00,2026-08-21,3,16
9e7345ba-3806-4249-9b88-1060964d6fc0,2026-08-21 16:19:15.232000-05:00,2026-08-21,3,16
343efd70-d72d-4d19-aad4-6e356483d3f3,2026-08-21 16:19:43.239000-05:00,2026-08-21,3,16
343efd70-d72d-4d19-aad4-6e356483d3f3,2026-08-21 16:20:05.637000-05:00,2026-08-21,3,16
343efd70-d72d-4d19-aad4-6e356483d3f3,2026-08-21 16:20:13.289000-05:00,2026-08-21,3,16
1143c222-d7bd-47a4-9676-372cbbf0bf0e,2026-08-21 16:21:08.274000-05:00,2026-08-21,3,16
1143c222-d7bd-47a4-9676-372cbbf0bf0e,2026-08-21 16:21:18.309000-05:00,2026-08-21,3,16
1143c222-d7bd-47a4-9676-372cbbf0bf0e,2026-08-21 17:34:38.342000-05:00,2026-08-21,3,17
1143c222-d7bd-47a4-9676-372cbbf0bf0e,2026-08-21 17:40:58.688000-05:00,2026-08-21,3,17
343efd70-d72d-4d19-aad4-6e356483d3f3,2026-08-21 17:41:24.126000-05:00,2026-08-21,3,17
343efd70-d72d-4d19-aad4-6e356483d3f3,2026-08-21 17:43:40.157000-05:00,2026-08-21,3,17
c7dc08ed-e1ce-4cea-88ff-76cd770da899,2026-08-21 17:45:21.782000-05:00,2026-08-21,3,17
343efd70-d72d-4d19-aad4-6e356483d3f3,2026-08-21 17:46:55.630000-05:00,2026-08-21,3,17
1143c222-d7bd-47a4-9676-372cbbf0bf0e,2026-08-21 17:49:04.853000-05:00,2026-08-21,3,17
343efd70-d72d-4d19-aad4-6e356483d3f3,2026-08-21 17:50:20.904000-05:00,2026-08-21,3,17
c7dc08ed-e1ce-4cea-88ff-76cd770da899,2026-08-21 17:50:35.721000-05:00,2026-08-21,3,17
343efd70-d72d-4d19-aad4-6e356483d3f3,2026-08-21 17:54:13.629000-05:00,2026-08-21,3,17
1143c222-d7bd-47a4-9676-372cbbf0bf0e,2026-08-21 18:59:39.675000-05:00,2026-08-21,3,18
1143c222-d7bd-47a4-9676-372cbbf0bf0e,2026-08-21 19:00:16.949000-05:00,2026-08-21,3,19
e242ec29-5826-4e36-9919-4cf11866fa85,2026-08-21 19:04:53.005000-05:00,2026-08-21,3,19
1143c222-d7bd-47a4-9676-372cbbf0bf0e,2026-08-21 19:05:46.253000-05:00,2026-08-21,3,19
e1d4ea9a-0512-4f83-aea3-0002a449934f,2026-08-21 19:06:28.639000-05:00,2026-08-21,3,19
1143c222-d7bd-47a4-9676-372cbbf0bf0e,2026-08-22 09:06:03.951000-05:00,2026-08-22,1,9
1143c222-d7bd-47a4-9676-372cbbf0bf0e,2026-08-22 09:06:37.303000-05:00,2026-08-22,1,9
e1d4ea9a-0512-4f83-aea3-0002a449934f,2026-08-22 09:33:38.532000-05:00,2026-08-22,2,9
c73f3f87-f39a-41ca-80d7-c3da0b64fe30,2026-08-22 09:46:07.087000-05:00,2026-08-22,2,9
e1d4ea9a-0512-4f83-aea3-0002a449934f,2026-08-22 09:46:48.257000-05:00,2026-08-22,2,9
e1d4ea9a-0512-4f83-aea3-0002a449934f,2026-08-22 09:49:05.195000-05:00,2026-08-22,2,9
e1d4ea9a-0512-4f83-aea3-0002a449934f,2026-08-22 09:49:34.153000-05:00,2026-08-22,2,9
c73f3f87-f39a-41ca-80d7-c3da0b64fe30,2026-08-22 09:53:24.580000-05:00,2026-08-22,2,9
e1d4ea9a-0512-4f83-aea3-0002a449934f,2026-08-22 09:53:40.730000-05:00,2026-08-22,2,9
e1d4ea9a-0512-4f83-aea3-0002a449934f,2026-08-22 09:58:23.202000-05:00,2026-08-22,2,9
e1d4ea9a-0512-4f83-aea3-0002a449934f,2026-08-22 10:10:11.008000-05:00,2026-08-22,2,10
e1d4ea9a-0512-4f83-aea3-0002a449934f,2026-08-22 10:12:09.615000-05:00,2026-08-22,2,10
e1d4ea9a-0512-4f83-aea3-0002a449934f,2026-08-22 10:13:27.458000-05:00,2026-08-22,2,10
c73f3f87-f39a-41ca-80d7-c3da0b64fe30,2026-08-22 10:17:10.483000-05:00,2026-08-22,2,10
e1d4ea9a-0512-4f83-aea3-0002a449934f,2026-08-22 10:19:54.413000-05:00,2026-08-22,2,10
c73f3f87-f39a-41ca-80d7-c3da0b64fe30,2026-08-22 10:21:58.899000-05:00,2026-08-22,2,10
c73f3f87-f39a-41ca-80d7-c3da0b64fe30,2026-08-22 10:23:20.208000-05:00,2026-08-22,2,10
e1d4ea9a-0512-4f83-aea3-0002a449934f,2026-08-22 10:33:15.194000-05:00,2026-08-22,2,10
c73f3f87-f39a-41ca-80d7-c3da0b64fe30,2026-08-22 10:33:55.594000-05:00,2026-08-22,2,10
c73f3f87-f39a-41ca-80d7-c3da0b64fe30,2026-08-22 10:36:01.195000-05:00,2026-08-22,2,10
c73f3f87-f39a-41ca-80d7-c3da0b64fe30,2026-08-22 10:43:25.933000-05:00,2026-08-22,2,10
c73f3f87-f39a-41ca-80d7-c3da0b64fe30,2026-08-22 10:45:42.954000-05:00,2026-08-22,2,10
c73f3f87-f39a-41ca-80d7-c3da0b64fe30,2026-08-22 10:52:54.405000-05:00,2026-08-22,2,10
e1d4ea9a-0512-4f83-aea3-0002a449934f,2026-08-22 10:58:44.921000-05:00,2026-08-22,2,10
e1d4ea9a-0512-4f83-aea3-0002a449934f,2026-08-22 11:02:54.389000-05:00,2026-08-22,2,11
c73f3f87-f39a-41ca-80d7-c3da0b64fe30,2026-08-22 11:05:30.328000-05:00,2026-08-22,2,11
c73f3f87-f39a-41ca-80d7-c3da0b64fe30,2026-08-22 11:07:55.911000-05:00,2026-08-22,2,11
e1d4ea9a-0512-4f83-aea3-0002a449934f,2026-08-22 11:09:12.174000-05:00,2026-08-22,2,11
e1d4ea9a-0512-4f83-aea3-0002a449934f,2026-08-22 11:10:57.817000-05:00,2026-08-22,2,11
e1d4ea9a-0512-4f83-aea3-0002a449934f,2026-08-22 11:11:16.322000-05:00,2026-08-22,2,11
e1d4ea9a-0512-4f83-aea3-0002a449934f,2026-08-22 11:14:21.052000-05:00,2026-08-22,2,11
e1d4ea9a-0512-4f83-aea3-0002a449934f,2026-08-22 11:16:31.402000-05:00,2026-08-22,2,11
c73f3f87-f39a-41ca-80d7-c3da0b64fe30,2026-08-22 11:20:00.364000-05:00,2026-08-22,2,11
c73f3f87-f39a-41ca-80d7-c3da0b64fe30,2026-08-22 11:20:36.883000-05:00,2026-08-22,2,11
c73f3f87-f39a-41ca-80d7-c3da0b64fe30,2026-08-22 11:21:22.740000-05:00,2026-08-22,2,11
c73f3f87-f39a-41ca-80d7-c3da0b64fe30,2026-08-22 11:33:24.242000-05:00,2026-08-22,2,11
c73f3f87-f39a-41ca-80d7-c3da0b64fe30,2026-08-22 11:33:59.903000-05:00,2026-08-22,2,11
c73f3f87-f39a-41ca-80d7-c3da0b64fe30,2026-08-22 11:35:23.943000-05:00,2026-08-22,2,11
c73f3f87-f39a-41ca-80d7-c3da0b64fe30,2026-08-22 11:37:38.154000-05:00,2026-08-22,2,11
c73f3f87-f39a-41ca-80d7-c3da0b64fe30,2026-08-22 11:39:20.917000-05:00,2026-08-22,3,11
c73f3f87-f39a-41ca-80d7-c3da0b64fe30,2026-08-22 11:40:31.677000-05:00,2026-08-22,3,11
e1d4ea9a-0512-4f83-aea3-0002a449934f,2026-08-22 11:41:52.143000-05:00,2026-08-22,3,11
e1d4ea9a-0512-4f83-aea3-0002a449934f,2026-08-22 11:45:01.160000-05:00,2026-08-22,3,11
c73f3f87-f39a-41ca-80d7-c3da0b64fe30,2026-08-22 11:45:15.660000-05:00,2026-08-22,3,11
c383dbc4-ca0d-4abe-a3d0-fb7f3849e041,2026-08-22 11:53:32.534000-05:00,2026-08-22,3,11
c383dbc4-ca0d-4abe-a3d0-fb7f3849e041,2026-08-22 15:10:21.961000-05:00,2026-08-22,2,15
e1d4ea9a-0512-4f83-aea3-0002a449934f,2026-08-22 15:11:14.334000-05:00,2026-08-22,2,15
e1d4ea9a-0512-4f83-aea3-0002a449934f,2026-08-22 15:14:29.442000-05:00,2026-08-22,2,15
c383dbc4-ca0d-4abe-a3d0-fb7f3849e041,2026-08-22 15:17:17.435000-05:00,2026-08-22,2,15
c383dbc4-ca0d-4abe-a3d0-fb7f3849e041,2026-08-22 15:52:59.746000-05:00,2026-08-22,1,15
c383dbc4-ca0d-4abe-a3d0-fb7f3849e041,2026-08-22 15:57:57.457000-05:00,2026-08-22,1,15
c383dbc4-ca0d-4abe-a3d0-fb7f3849e041,2026-08-22 16:13:37.993000-05:00,2026-08-22,1,16
c383dbc4-ca0d-4abe-a3d0-fb7f3849e041,2026-08-22 16:16:45.159000-05:00,2026-08-22,1,16
6462ab23-50f0-498c-9342-be29af8d9d30,2026-08-22 16:43:00.791000-05:00,2026-08-22,3,16
5c0d1de8-da48-4645-9db9-26692602311a,2026-08-22 16:43:13.222000-05:00,2026-08-22,3,16
6462ab23-50f0-498c-9342-be29af8d9d30,2026-08-22 16:43:45.675000-05:00,2026-08-22,3,16
6462ab23-50f0-498c-9342-be29af8d9d30,2026-08-22 16:44:17.186000-05:00,2026-08-22,3,16
18e6819b-61ca-45cd-b1ad-b985726117e8,2026-08-22 16:45:19.181000-05:00,2026-08-22,3,16
5c0d1de8-da48-4645-9db9-26692602311a,2026-08-22 16:45:54.494000-05:00,2026-08-22,3,16
5c0d1de8-da48-4645-9db9-26692602311a,2026-08-22 16:48:37.642000-05:00,2026-08-22,3,16
5c0d1de8-da48-4645-9db9-26692602311a,2026-08-22 16:49:27.599000-05:00,2026-08-22,3,16
5c0d1de8-da48-4645-9db9-26692602311a,2026-08-22 16:52:35.178000-05:00,2026-08-22,3,16
5c0d1de8-da48-4645-9db9-26692602311a,2026-08-22 16:54:19.817000-05:00,2026-08-22,3,16
18e6819b-61ca-45cd-b1ad-b985726117e8,2026-08-22 16:55:45.579000-05:00,2026-08-22,3,16
5c0d1de8-da48-4645-9db9-26692602311a,2026-08-22 16:58:21.568000-05:00,2026-08-22,3,16
18e6819b-61ca-45cd-b1ad-b985726117e8,2026-08-22 16:58:45.129000-05:00,2026-08-22,3,16
18e6819b-61ca-45cd-b1ad-b985726117e8,2026-08-22 17:08:19.592000-05:00,2026-08-22,2,17
18e6819b-61ca-45cd-b1ad-b985726117e8,2026-08-22 17:08:51.356000-05:00,2026-08-22,2,17
18e6819b-61ca-45cd-b1ad-b985726117e8,2026-08-23 14:20:35.290000-05:00,2026-08-23,2,14
18e6819b-61ca-45cd-b1ad-b985726117e8,2026-08-23 14:21:11.297000-05:00,2026-08-23,2,14
18e6819b-61ca-45cd-b1ad-b985726117e8,2026-08-23 14:23:00.123000-05:00,2026-08-23,2,14
18e6819b-61ca-45cd-b1ad-b985726117e8,2026-08-23 14:25:32.687000-05:00,2026-08-23,2,14
62ff9092-a084-45f6-8a63-3761cbfcf2fe,2026-08-23 14:27:05.862000-05:00,2026-08-23,2,14
62ff9092-a084-45f6-8a63-3761cbfcf2fe,2026-08-23 14:40:34.296000-05:00,2026-08-23,3,14
codex-01a03025-a71,2026-08-23 14:43:11.672000-05:00,2026-08-23,3,14
codex-01a03025-a71,2026-08-23 14:45:37.596000-05:00,2026-08-23,3,14
18e6819b-61ca-45cd-b1ad-b985726117e8,2026-08-23 14:50:47.752000-05:00,2026-08-23,3,14
18e6819b-61ca-45cd-b1ad-b985726117e8,2026-08-23 14:54:43.254000-05:00,2026-08-23,4,14
18e6819b-61ca-45cd-b1ad-b985726117e8,2026-08-23 14:55:37.917000-05:00,2026-08-23,3,14
codex-01a03025-a71,2026-08-23 14:58:02.640000-05:00,2026-08-23,3,14
2d2f04bb-34d0-494a-8d52-d217a811c831,2026-08-23 15:07:58.770000-05:00,2026-08-23,3,15
codex-01a03025-a71,2026-08-23 15:10:15.396000-05:00,2026-08-23,3,15
codex-01a03025-a71,2026-08-23 15:11:28.558000-05:00,2026-08-23,2,15
codex-01a03025-a71,2026-08-23 17:21:46.480000-05:00,2026-08-23,3,17
2d2f04bb-34d0-494a-8d52-d217a811c831,2026-08-23 17:22:11.448000-05:00,2026-08-23,3,17
343efd70-d72d-4d19-aad4-6e356483d3f3,2026-08-23 17:22:49.056000-05:00,2026-08-23,3,17
343efd70-d72d-4d19-aad4-6e356483d3f3,2026-08-23 17:24:57.137000-05:00,2026-08-23,4,17
343efd70-d72d-4d19-aad4-6e356483d3f3,2026-08-23 17:28:24.728000-05:00,2026-08-23,4,17
3cfc088c-3ab0-4b3a-b12c-2e003a5c6a91,2026-08-23 17:38:43.564000-05:00,2026-08-23,2,17
3cfc088c-3ab0-4b3a-b12c-2e003a5c6a91,2026-08-23 17:39:41.074000-05:00,2026-08-23,2,17
3cfc088c-3ab0-4b3a-b12c-2e003a5c6a91,2026-08-23 18:30:00.739000-05:00,2026-08-23,1,18
3cfc088c-3ab0-4b3a-b12c-2e003a5c6a91,2026-08-23 18:30:00.739000-05:00,2026-08-23,1,18
3cfc088c-3ab0-4b3a-b12c-2e003a5c6a91,2026-08-23 18:30:00.739000-05:00,2026-08-23,1,18
3cfc088c-3ab0-4b3a-b12c-2e003a5c6a91,2026-08-23 18:30:00.739000-05:00,2026-08-23,1,18
2d2f04bb-34d0-494a-8d52-d217a811c831,2026-08-23 18:58:24.004000-05:00,2026-08-23,2,18
3cfc088c-3ab0-4b3a-b12c-2e003a5c6a91,2026-08-23 19:13:10.169000-05:00,2026-08-23,2,19
2d2f04bb-34d0-494a-8d52-d217a811c831,2026-08-23 19:13:47.656000-05:00,2026-08-23,2,19
2d2f04bb-34d0-494a-8d52-d217a811c831,2026-08-23 19:16:24.619000-05:00,2026-08-23,2,19
2d2f04bb-34d0-494a-8d52-d217a811c831,2026-08-23 19:19:45.295000-05:00,2026-08-23,2,19
2d2f04bb-34d0-494a-8d52-d217a811c831,2026-08-23 19:23:08.635000-05:00,2026-08-23,2,19
2d2f04bb-34d0-494a-8d52-d217a811c831,2026-08-23 19:23:50.631000-05:00,2026-08-23,2,19
2d2f04bb-34d0-494a-8d52-d217a811c831,2026-08-23 19:24:58.026000-05:00,2026-08-23,2,19
2d2f04bb-34d0-494a-8d52-d217a811c831,2026-08-23 19:25:21.032000-05:00,2026-08-23,2,19
3cfc088c-3ab0-4b3a-b12c-2e003a5c6a91,2026-08-23 19:25:51.858000-05:00,2026-08-23,2,19
3cfc088c-3ab0-4b3a-b12c-2e003a5c6a91,2026-08-23 20:16:19.257000-05:00,2026-08-23,3,20
87bfe5eb-c847-4d5d-afe3-33e233940f79,2026-08-23 20:19:01.642000-05:00,2026-08-23,3,20
2d2f04bb-34d0-494a-8d52-d217a811c831,2026-08-23 20:23:20.161000-05:00,2026-08-23,3,20
3cfc088c-3ab0-4b3a-b12c-2e003a5c6a91,2026-08-23 20:27:50.972000-05:00,2026-08-23,3,20
3cfc088c-3ab0-4b3a-b12c-2e003a5c6a91,2026-08-23 20:32:12.682000-05:00,2026-08-23,3,20
2d2f04bb-34d0-494a-8d52-d217a811c831,2026-08-23 20:43:17.301000-05:00,2026-08-23,3,20
87bfe5eb-c847-4d5d-afe3-33e233940f79,2026-08-23 20:43:59.581000-05:00,2026-08-23,3,20
2d2f04bb-34d0-494a-8d52-d217a811c831,2026-08-23 20:45:58.574000-05:00,2026-08-23,3,20
2d2f04bb-34d0-494a-8d52-d217a811c831,2026-08-23 20:46:48.841000-05:00,2026-08-23,3,20
2d2f04bb-34d0-494a-8d52-d217a811c831,2026-08-23 20:47:44.463000-05:00,2026-08-23,2,20
87bfe5eb-c847-4d5d-afe3-33e233940f79,2026-08-23 20:49:20.525000-05:00,2026-08-23,2,20
87bfe5eb-c847-4d5d-afe3-33e233940f79,2026-08-23 20:49:31.573000-05:00,2026-08-23,2,20
87bfe5eb-c847-4d5d-afe3-33e233940f79,2026-08-23 20:50:10.373000-05:00,2026-08-23,2,20
87bfe5eb-c847-4d5d-afe3-33e233940f79,2026-08-23 20:51:04.981000-05:00,2026-08-23,2,20
87bfe5eb-c847-4d5d-afe3-33e233940f79,2026-08-23 20:53:27.723000-05:00,2026-08-23,2,20
87bfe5eb-c847-4d5d-afe3-33e233940f79,2026-08-23 20:53:45.780000-05:00,2026-08-23,2,20
2d2f04bb-34d0-494a-8d52-d217a811c831,2026-08-23 20:54:06.939000-05:00,2026-08-23,2,20
df2cbb28-06d6-4e2a-a978-a502444e194d,2026-08-24 08:33:24.677000-05:00,2026-08-24,2,8
df2cbb28-06d6-4e2a-a978-a502444e194d,2026-08-24 08:33:29.137000-05:00,2026-08-24,2,8
df2cbb28-06d6-4e2a-a978-a502444e194d,2026-08-24 08:33:39.089000-05:00,2026-08-24,2,8
codex-01a033fb-eae,2026-08-24 08:36:01.208000-05:00,2026-08-24,2,8
codex-01a033fb-eae,2026-08-24 08:37:09.332000-05:00,2026-08-24,2,8
codex-01a033fb-eae,2026-08-24 08:38:19.473000-05:00,2026-08-24,2,8
codex-01a033fb-eae,2026-08-24 08:39:42.129000-05:00,2026-08-24,2,8
df2cbb28-06d6-4e2a-a978-a502444e194d,2026-08-24 08:42:31.476000-05:00,2026-08-24,2,8
codex-01a033fb-eae,2026-08-24 08:43:57.379000-05:00,2026-08-24,2,8
df2cbb28-06d6-4e2a-a978-a502444e194d,2026-08-24 08:46:55.143000-05:00,2026-08-24,3,8
codex-01a033fb-eae,2026-08-24 08:48:03.296000-05:00,2026-08-24,3,8
codex-01a033fb-eae,2026-08-24 08:49:10.983000-05:00,2026-08-24,3,8
codex-01a033fb-eae,2026-08-24 08:49:31.178000-05:00,2026-08-24,3,8
codex-01a033fb-eae,2026-08-24 08:51:16.666000-05:00,2026-08-24,3,8
codex-01a033fb-eae,2026-08-24 08:52:15.847000-05:00,2026-08-24,3,8
codex-01a03412-fb6,2026-08-24 09:01:37.344000-05:00,2026-08-24,3,9
codex-01a033fb-eae,2026-08-24 09:01:47.558000-05:00,2026-08-24,3,9
codex-01a033fb-eae,2026-08-24 09:07:21.813000-05:00,2026-08-24,2,9
codex-01a033fb-eae,2026-08-24 09:09:10.695000-05:00,2026-08-24,2,9
codex-01a033fb-eae,2026-08-24 09:10:08.645000-05:00,2026-08-24,2,9
codex-01a033fb-eae,2026-08-24 09:11:16.222000-05:00,2026-08-24,2,9
codex-01a03412-fb6,2026-08-24 09:20:25.351000-05:00,2026-08-24,3,9
4164c4ab-edbf-4897-adb1-82eca6678e15,2026-08-24 09:32:43.059000-05:00,2026-08-24,2,9
4164c4ab-edbf-4897-adb1-82eca6678e15,2026-08-24 09:33:46.840000-05:00,2026-08-24,2,9
4164c4ab-edbf-4897-adb1-82eca6678e15,2026-08-24 09:33:58.902000-05:00,2026-08-24,2,9
4164c4ab-edbf-4897-adb1-82eca6678e15,2026-08-24 09:40:33.319000-05:00,2026-08-24,1,9
4164c4ab-edbf-4897-adb1-82eca6678e15,2026-08-24 09:44:53.764000-05:00,2026-08-24,1,9
4164c4ab-edbf-4897-adb1-82eca6678e15,2026-08-24 10:11:02.356000-05:00,2026-08-24,2,10
4164c4ab-edbf-4897-adb1-82eca6678e15,2026-08-24 10:14:06.283000-05:00,2026-08-24,3,10
4164c4ab-edbf-4897-adb1-82eca6678e15,2026-08-24 10:18:18.965000-05:00,2026-08-24,3,10
6c8947fe-3418-4717-888f-99d896516c47,2026-08-24 10:20:22.058000-05:00,2026-08-24,3,10
dd477975-0bcd-4080-bffa-c049e7da6482,2026-08-24 10:28:15.901000-05:00,2026-08-24,3,10
dd477975-0bcd-4080-bffa-c049e7da6482,2026-08-24 10:30:21.883000-05:00,2026-08-24,3,10
dd477975-0bcd-4080-bffa-c049e7da6482,2026-08-24 10:32:12.812000-05:00,2026-08-24,3,10
4164c4ab-edbf-4897-adb1-82eca6678e15,2026-08-24 10:34:04.624000-05:00,2026-08-24,3,10
dd477975-0bcd-4080-bffa-c049e7da6482,2026-08-24 10:36:36.071000-05:00,2026-08-24,2,10
4164c4ab-edbf-4897-adb1-82eca6678e15,2026-08-24 10:37:58.664000-05:00,2026-08-24,2,10
dd477975-0bcd-4080-bffa-c049e7da6482,2026-08-24 10:38:19.516000-05:00,2026-08-24,2,10
dd477975-0bcd-4080-bffa-c049e7da6482,2026-08-24 10:38:41.815000-05:00,2026-08-24,2,10
4164c4ab-edbf-4897-adb1-82eca6678e15,2026-08-24 10:43:50.445000-05:00,2026-08-24,2,10
abb89b2a-5561-4120-bb2f-1a940f034e00,2026-08-24 13:24:20.006000-05:00,2026-08-24,3,13
dd477975-0bcd-4080-bffa-c049e7da6482,2026-08-24 13:26:05.978000-05:00,2026-08-24,3,13
4164c4ab-edbf-4897-adb1-82eca6678e15,2026-08-24 13:27:44.991000-05:00,2026-08-24,3,13
4164c4ab-edbf-4897-adb1-82eca6678e15,2026-08-24 13:30:06.309000-05:00,2026-08-24,3,13
4164c4ab-edbf-4897-adb1-82eca6678e15,2026-08-24 13:35:37.233000-05:00,2026-08-24,3,13
dd477975-0bcd-4080-bffa-c049e7da6482,2026-08-24 13:36:50.748000-05:00,2026-08-24,3,13
4164c4ab-edbf-4897-adb1-82eca6678e15,2026-08-24 13:38:31.823000-05:00,2026-08-24,3,13
4164c4ab-edbf-4897-adb1-82eca6678e15,2026-08-24 13:44:32.556000-05:00,2026-08-24,2,13
4164c4ab-edbf-4897-adb1-82eca6678e15,2026-08-24 13:54:33.242000-05:00,2026-08-24,1,13
4164c4ab-edbf-4897-adb1-82eca6678e15,2026-08-24 13:56:22.987000-05:00,2026-08-24,1,13
4164c4ab-edbf-4897-adb1-82eca6678e15,2026-08-24 15:05:21.440000-05:00,2026-08-24,1,15
4164c4ab-edbf-4897-adb1-82eca6678e15,2026-08-24 15:35:53.256000-05:00,2026-08-24,3,15
4164c4ab-edbf-4897-adb1-82eca6678e15,2026-08-24 15:37:42.656000-05:00,2026-08-24,3,15
dd477975-0bcd-4080-bffa-c049e7da6482,2026-08-24 15:43:10.398000-05:00,2026-08-24,4,15
dd477975-0bcd-4080-bffa-c049e7da6482,2026-08-24 15:49:28.298000-05:00,2026-08-24,4,15
codex-01a03589-79a,2026-08-24 15:50:13.588000-05:00,2026-08-24,4,15
codex-01a03589-79a,2026-08-24 15:50:37.787000-05:00,2026-08-24,4,15
abb89b2a-5561-4120-bb2f-1a940f034e00,2026-08-24 15:55:41.644000-05:00,2026-08-24,4,15
4164c4ab-edbf-4897-adb1-82eca6678e15,2026-08-24 15:56:58.951000-05:00,2026-08-24,4,15
abb89b2a-5561-4120-bb2f-1a940f034e00,2026-08-24 15:57:50.895000-05:00,2026-08-24,4,15
abb89b2a-5561-4120-bb2f-1a940f034e00,2026-08-24 15:59:12.803000-05:00,2026-08-24,4,15
codex-01a03589-79a,2026-08-24 16:01:21.326000-05:00,2026-08-24,4,16
codex-01a03589-79a,2026-08-24 16:01:49.594000-05:00,2026-08-24,4,16
codex-01a03589-79a,2026-08-24 16:15:18.285000-05:00,2026-08-24,1,16
codex-01a03589-79a,2026-08-24 16:15:27.019000-05:00,2026-08-24,1,16
f39598c6-e96b-445f-9f50-e766dbb70078,2026-08-24 16:54:17.735000-05:00,2026-08-24,2,16
60834643-cc59-4dc6-b4c8-6482b8989e76,2026-08-24 17:06:25.803000-05:00,2026-08-24,2,17
60834643-cc59-4dc6-b4c8-6482b8989e76,2026-08-24 17:11:59.535000-05:00,2026-08-24,1,17
60834643-cc59-4dc6-b4c8-6482b8989e76,2026-08-24 17:12:58.617000-05:00,2026-08-24,1,17
60834643-cc59-4dc6-b4c8-6482b8989e76,2026-08-24 17:14:11.653000-05:00,2026-08-24,1,17
60834643-cc59-4dc6-b4c8-6482b8989e76,2026-08-24 17:27:15.535000-05:00,2026-08-24,1,17
60834643-cc59-4dc6-b4c8-6482b8989e76,2026-08-24 17:33:31.140000-05:00,2026-08-24,1,17
60834643-cc59-4dc6-b4c8-6482b8989e76,2026-08-24 17:39:18.944000-05:00,2026-08-24,1,17
f39598c6-e96b-445f-9f50-e766dbb70078,2026-08-24 19:04:03.728000-05:00,2026-08-24,2,19
f39598c6-e96b-445f-9f50-e766dbb70078,2026-08-24 19:05:07.629000-05:00,2026-08-24,2,19
7284d9b4-ddf5-4146-86e4-3e4f301dc4a1,2026-08-24 19:15:26.335000-05:00,2026-08-24,4,19
7284d9b4-ddf5-4146-86e4-3e4f301dc4a1,2026-08-24 19:16:35.521000-05:00,2026-08-24,4,19
7a480313-8016-40d2-82e9-1b3633895586,2026-08-24 19:23:10.020000-05:00,2026-08-24,3,19
60834643-cc59-4dc6-b4c8-6482b8989e76,2026-08-24 19:24:02.422000-05:00,2026-08-24,3,19
60834643-cc59-4dc6-b4c8-6482b8989e76,2026-08-24 19:27:59.284000-05:00,2026-08-24,3,19
7a480313-8016-40d2-82e9-1b3633895586,2026-08-24 19:31:42.121000-05:00,2026-08-24,2,19
7a480313-8016-40d2-82e9-1b3633895586,2026-08-24 19:32:23.224000-05:00,2026-08-24,2,19
7a480313-8016-40d2-82e9-1b3633895586,2026-08-24 19:38:05.622000-05:00,2026-08-24,2,19
7a480313-8016-40d2-82e9-1b3633895586,2026-08-24 19:39:24.957000-05:00,2026-08-24,2,19
7a480313-8016-40d2-82e9-1b3633895586,2026-08-24 19:42:12.505000-05:00,2026-08-24,2,19
7a480313-8016-40d2-82e9-1b3633895586,2026-08-24 19:43:29.187000-05:00,2026-08-24,2,19
7a480313-8016-40d2-82e9-1b3633895586,2026-08-24 19:44:08.736000-05:00,2026-08-24,2,19
7a480313-8016-40d2-82e9-1b3633895586,2026-08-24 19:45:43.584000-05:00,2026-08-24,2,19
7a480313-8016-40d2-82e9-1b3633895586,2026-08-24 19:46:22.808000-05:00,2026-08-24,2,19
7a480313-8016-40d2-82e9-1b3633895586,2026-08-24 19:47:09.060000-05:00,2026-08-24,2,19
7a480313-8016-40d2-82e9-1b3633895586,2026-08-24 19:47:36.890000-05:00,2026-08-24,2,19
7a480313-8016-40d2-82e9-1b3633895586,2026-08-24 19:48:03.624000-05:00,2026-08-24,2,19
7a480313-8016-40d2-82e9-1b3633895586,2026-08-24 19:51:36.234000-05:00,2026-08-24,2,19
7a480313-8016-40d2-82e9-1b3633895586,2026-08-24 19:52:17.112000-05:00,2026-08-24,2,19
7a480313-8016-40d2-82e9-1b3633895586,2026-08-24 19:54:43.313000-05:00,2026-08-24,2,19
60834643-cc59-4dc6-b4c8-6482b8989e76,2026-08-24 19:57:43.413000-05:00,2026-08-24,2,19
60834643-cc59-4dc6-b4c8-6482b8989e76,2026-08-24 19:59:15.579000-05:00,2026-08-24,2,19
60834643-cc59-4dc6-b4c8-6482b8989e76,2026-08-24 20:01:10.520000-05:00,2026-08-24,2,20
60834643-cc59-4dc6-b4c8-6482b8989e76,2026-08-24 20:01:52.499000-05:00,2026-08-24,2,20
60834643-cc59-4dc6-b4c8-6482b8989e76,2026-08-24 20:10:11.521000-05:00,2026-08-24,2,20
7a480313-8016-40d2-82e9-1b3633895586,2026-08-24 20:11:53.712000-05:00,2026-08-24,2,20
60834643-cc59-4dc6-b4c8-6482b8989e76,2026-08-24 20:13:39.307000-05:00,2026-08-24,2,20
7a480313-8016-40d2-82e9-1b3633895586,2026-08-24 20:14:28.271000-05:00,2026-08-24,2,20
60834643-cc59-4dc6-b4c8-6482b8989e76,2026-08-24 20:17:12.021000-05:00,2026-08-24,2,20
7a480313-8016-40d2-82e9-1b3633895586,2026-08-24 20:24:19.847000-05:00,2026-08-24,2,20
60834643-cc59-4dc6-b4c8-6482b8989e76,2026-08-24 20:27:02.320000-05:00,2026-08-24,2,20
7a480313-8016-40d2-82e9-1b3633895586,2026-08-24 20:28:17.312000-05:00,2026-08-24,2,20
60834643-cc59-4dc6-b4c8-6482b8989e76,2026-08-24 20:31:45.619000-05:00,2026-08-24,2,20
60834643-cc59-4dc6-b4c8-6482b8989e76,2026-08-24 20:35:08.326000-05:00,2026-08-24,2,20
60834643-cc59-4dc6-b4c8-6482b8989e76,2026-08-24 20:46:31.345000-05:00,2026-08-24,2,20
7a480313-8016-40d2-82e9-1b3633895586,2026-08-24 20:50:13.915000-05:00,2026-08-24,2,20
60834643-cc59-4dc6-b4c8-6482b8989e76,2026-08-24 20:51:40.445000-05:00,2026-08-24,2,20
7a480313-8016-40d2-82e9-1b3633895586,2026-08-24 20:54:20.251000-05:00,2026-08-24,2,20
60834643-cc59-4dc6-b4c8-6482b8989e76,2026-08-24 20:58:16.383000-05:00,2026-08-24,2,20
60834643-cc59-4dc6-b4c8-6482b8989e76,2026-08-24 21:01:48.202000-05:00,2026-08-24,2,21
60834643-cc59-4dc6-b4c8-6482b8989e76,2026-08-24 21:05:58.262000-05:00,2026-08-24,2,21
60834643-cc59-4dc6-b4c8-6482b8989e76,2026-08-24 21:09:05.739000-05:00,2026-08-24,2,21
60834643-cc59-4dc6-b4c8-6482b8989e76,2026-08-24 21:11:39.309000-05:00,2026-08-24,2,21
4d9eb877-8922-45c4-a95a-3e3efde8411b,2026-08-24 21:25:14.055000-05:00,2026-08-24,2,21
4d9eb877-8922-45c4-a95a-3e3efde8411b,2026-08-24 21:26:25.233000-05:00,2026-08-24,2,21
4d9eb877-8922-45c4-a95a-3e3efde8411b,2026-08-24 21:35:16.016000-05:00,2026-08-24,1,21
4d9eb877-8922-45c4-a95a-3e3efde8411b,2026-08-24 21:36:01.825000-05:00,2026-08-24,1,21
60834643-cc59-4dc6-b4c8-6482b8989e76,2026-08-25 05:48:35.296000-05:00,2026-08-25,2,5
4d9eb877-8922-45c4-a95a-3e3efde8411b,2026-08-25 06:01:55.786000-05:00,2026-08-25,3,6
4d9eb877-8922-45c4-a95a-3e3efde8411b,2026-08-25 06:04:26.919000-05:00,2026-08-25,3,6
60834643-cc59-4dc6-b4c8-6482b8989e76,2026-08-25 06:04:56.456000-05:00,2026-08-25,3,6
60834643-cc59-4dc6-b4c8-6482b8989e76,2026-08-25 06:09:06.571000-05:00,2026-08-25,3,6
60834643-cc59-4dc6-b4c8-6482b8989e76,2026-08-25 06:09:32.565000-05:00,2026-08-25,3,6
60834643-cc59-4dc6-b4c8-6482b8989e76,2026-08-25 06:11:13.028000-05:00,2026-08-25,3,6
2c580813-bae1-4624-a763-e269fbc7f624,2026-08-25 06:12:39.778000-05:00,2026-08-25,3,6
60834643-cc59-4dc6-b4c8-6482b8989e76,2026-08-25 06:13:19.018000-05:00,2026-08-25,3,6
60834643-cc59-4dc6-b4c8-6482b8989e76,2026-08-25 06:16:25.736000-05:00,2026-08-25,4,6
60834643-cc59-4dc6-b4c8-6482b8989e76,2026-08-25 06:16:40.946000-05:00,2026-08-25,4,6
60834643-cc59-4dc6-b4c8-6482b8989e76,2026-08-25 06:17:27.920000-05:00,2026-08-25,4,6
60834643-cc59-4dc6-b4c8-6482b8989e76,2026-08-25 06:18:36.758000-05:00,2026-08-25,4,6
60834643-cc59-4dc6-b4c8-6482b8989e76,2026-08-25 06:19:51.276000-05:00,2026-08-25,3,6
2c580813-bae1-4624-a763-e269fbc7f624,2026-08-25 06:30:12.586000-05:00,2026-08-25,3,6
600bf0c2-6999-44d5-8b7e-48b3ae292e55,2026-08-25 06:31:11.084000-05:00,2026-08-25,3,6
349d6300-c9c0-47b6-8865-f3476339f571,2026-08-25 12:12:34.046000-05:00,2026-08-25,4,12
3e6f39d6-6e60-432b-83c0-d967d858f0c3,2026-08-25 12:16:55.610000-05:00,2026-08-25,4,12
c1ea0c80-fa80-4323-ac4d-58f4fb3b76c8,2026-08-25 12:23:05.795000-05:00,2026-08-25,4,12
90f22a75-6d2c-451e-adb9-f59fc188cb15,2026-08-25 12:23:41.750000-05:00,2026-08-25,4,12
90f22a75-6d2c-451e-adb9-f59fc188cb15,2026-08-25 12:36:16.347000-05:00,2026-08-25,2,12
90f22a75-6d2c-451e-adb9-f59fc188cb15,2026-08-25 12:37:58.509000-05:00,2026-08-25,2,12
90f22a75-6d2c-451e-adb9-f59fc188cb15,2026-08-25 12:39:29.355000-05:00,2026-08-25,1,12
c1ea0c80-fa80-4323-ac4d-58f4fb3b76c8,2026-08-25 13:01:00.702000-05:00,2026-08-25,2,13
b5c00021-c697-483b-b9eb-fa0d44e35062,2026-08-25 13:01:45.176000-05:00,2026-08-25,2,13
c1ea0c80-fa80-4323-ac4d-58f4fb3b76c8,2026-08-25 13:08:36.781000-05:00,2026-08-25,2,13
b5c00021-c697-483b-b9eb-fa0d44e35062,2026-08-25 13:18:43.726000-05:00,2026-08-25,2,13
c1ea0c80-fa80-4323-ac4d-58f4fb3b76c8,2026-08-25 13:41:54.070000-05:00,2026-08-25,2,13
b5c00021-c697-483b-b9eb-fa0d44e35062,2026-08-25 13:43:53.401000-05:00,2026-08-25,2,13
b5c00021-c697-483b-b9eb-fa0d44e35062,2026-08-25 13:44:35.614000-05:00,2026-08-25,2,13
b5c00021-c697-483b-b9eb-fa0d44e35062,2026-08-25 13:53:58.890000-05:00,2026-08-25,2,13
600bf0c2-6999-44d5-8b7e-48b3ae292e55,2026-08-25 14:34:51.765000-05:00,2026-08-25,2,14
600bf0c2-6999-44d5-8b7e-48b3ae292e55,2026-08-25 14:35:33.405000-05:00,2026-08-25,2,14
600bf0c2-6999-44d5-8b7e-48b3ae292e55,2026-08-25 14:41:10.583000-05:00,2026-08-25,2,14
600bf0c2-6999-44d5-8b7e-48b3ae292e55,2026-08-25 14:43:01.249000-05:00,2026-08-25,2,14
600bf0c2-6999-44d5-8b7e-48b3ae292e55,2026-08-25 14:44:43.527000-05:00,2026-08-25,2,14
022d081e-f745-4816-b2af-84d282860ff3,2026-08-25 14:47:24.881000-05:00,2026-08-25,2,14
600bf0c2-6999-44d5-8b7e-48b3ae292e55,2026-08-25 14:48:30.863000-05:00,2026-08-25,2,14
600bf0c2-6999-44d5-8b7e-48b3ae292e55,2026-08-25 14:50:38.950000-05:00,2026-08-25,2,14
600bf0c2-6999-44d5-8b7e-48b3ae292e55,2026-08-25 14:52:32.553000-05:00,2026-08-25,2,14
600bf0c2-6999-44d5-8b7e-48b3ae292e55,2026-08-25 14:53:04.277000-05:00,2026-08-25,2,14
600bf0c2-6999-44d5-8b7e-48b3ae292e55,2026-08-25 14:53:54.196000-05:00,2026-08-25,2,14
600bf0c2-6999-44d5-8b7e-48b3ae292e55,2026-08-25 14:55:41.929000-05:00,2026-08-25,2,14
600bf0c2-6999-44d5-8b7e-48b3ae292e55,2026-08-25 14:56:00.642000-05:00,2026-08-25,2,14
600bf0c2-6999-44d5-8b7e-48b3ae292e55,2026-08-25 15:00:55.310000-05:00,2026-08-25,3,15
600bf0c2-6999-44d5-8b7e-48b3ae292e55,2026-08-25 15:04:09.594000-05:00,2026-08-25,2,15
600bf0c2-6999-44d5-8b7e-48b3ae292e55,2026-08-25 15:05:54.449000-05:00,2026-08-25,2,15
4d1f53fc-d604-40bb-be61-20e5c82d358e,2026-08-25 15:13:00.325000-05:00,2026-08-25,3,15
f038189f-d7c4-43e1-803b-bf25c7fd7ea1,2026-08-25 15:27:15.495000-05:00,2026-08-25,2,15
f038189f-d7c4-43e1-803b-bf25c7fd7ea1,2026-08-25 15:29:06.047000-05:00,2026-08-25,1,15
ad7478b0-cd24-4680-993c-266b7be9f9bb,2026-08-25 15:45:43.692000-05:00,2026-08-25,1,15
ad7478b0-cd24-4680-993c-266b7be9f9bb,2026-08-25 15:52:58.340000-05:00,2026-08-25,2,15
ad7478b0-cd24-4680-993c-266b7be9f9bb,2026-08-25 16:02:39.227000-05:00,2026-08-25,2,16
4d1f53fc-d604-40bb-be61-20e5c82d358e,2026-08-25 16:03:24.071000-05:00,2026-08-25,2,16
4d1f53fc-d604-40bb-be61-20e5c82d358e,2026-08-25 16:11:54.693000-05:00,2026-08-25,2,16
4d1f53fc-d604-40bb-be61-20e5c82d358e,2026-08-25 16:16:42.674000-05:00,2026-08-25,3,16
4d1f53fc-d604-40bb-be61-20e5c82d358e,2026-08-25 16:19:44.736000-05:00,2026-08-25,2,16
4d1f53fc-d604-40bb-be61-20e5c82d358e,2026-08-25 16:21:04.899000-05:00,2026-08-25,2,16
4d1f53fc-d604-40bb-be61-20e5c82d358e,2026-08-25 16:26:59.919000-05:00,2026-08-25,3,16
4d1f53fc-d604-40bb-be61-20e5c82d358e,2026-08-25 16:29:07.002000-05:00,2026-08-25,3,16
1af36f53-ea60-40e3-9226-4b3559f1e155,2026-08-25 16:29:30.785000-05:00,2026-08-25,3,16
1af36f53-ea60-40e3-9226-4b3559f1e155,2026-08-25 16:30:01.289000-05:00,2026-08-25,3,16
4d1f53fc-d604-40bb-be61-20e5c82d358e,2026-08-25 16:31:55.052000-05:00,2026-08-25,3,16
9d7f908f-68db-41a5-8942-e40a15c03be9,2026-08-25 16:37:50.600000-05:00,2026-08-25,3,16
9d7f908f-68db-41a5-8942-e40a15c03be9,2026-08-25 16:43:41.829000-05:00,2026-08-25,3,16
4d1f53fc-d604-40bb-be61-20e5c82d358e,2026-08-25 16:52:30.245000-05:00,2026-08-25,2,16
4d1f53fc-d604-40bb-be61-20e5c82d358e,2026-08-25 16:54:13.222000-05:00,2026-08-25,2,16
ac3bf6c9-9fa9-4590-84c0-4e260d827d5b,2026-08-25 17:28:13.868000-05:00,2026-08-25,3,17
4d1f53fc-d604-40bb-be61-20e5c82d358e,2026-08-25 17:33:52.264000-05:00,2026-08-25,3,17
9d7f908f-68db-41a5-8942-e40a15c03be9,2026-08-25 17:38:29.762000-05:00,2026-08-25,3,17
9d7f908f-68db-41a5-8942-e40a15c03be9,2026-08-25 17:38:41.873000-05:00,2026-08-25,3,17
9d7f908f-68db-41a5-8942-e40a15c03be9,2026-08-25 18:01:02.274000-05:00,2026-08-25,2,18
4d1f53fc-d604-40bb-be61-20e5c82d358e,2026-08-25 18:02:29.124000-05:00,2026-08-25,2,18
9d7f908f-68db-41a5-8942-e40a15c03be9,2026-08-25 19:04:06.752000-05:00,2026-08-25,3,19
9d7f908f-68db-41a5-8942-e40a15c03be9,2026-08-25 19:04:26.929000-05:00,2026-08-25,3,19
ac3bf6c9-9fa9-4590-84c0-4e260d827d5b,2026-08-25 19:05:25.348000-05:00,2026-08-25,3,19
c7dc08ed-e1ce-4cea-88ff-76cd770da899,2026-08-25 19:06:29.476000-05:00,2026-08-25,3,19
c7dc08ed-e1ce-4cea-88ff-76cd770da899,2026-08-25 19:07:46.858000-05:00,2026-08-25,3,19
c7dc08ed-e1ce-4cea-88ff-76cd770da899,2026-08-25 19:10:30.297000-05:00,2026-08-25,3,19
c7dc08ed-e1ce-4cea-88ff-76cd770da899,2026-08-25 19:10:34.183000-05:00,2026-08-25,3,19
c7dc08ed-e1ce-4cea-88ff-76cd770da899,2026-08-25 19:19:43.587000-05:00,2026-08-25,4,19
c7dc08ed-e1ce-4cea-88ff-76cd770da899,2026-08-25 19:20:29.518000-05:00,2026-08-25,4,19
c7dc08ed-e1ce-4cea-88ff-76cd770da899,2026-08-25 19:20:40.913000-05:00,2026-08-25,4,19
e242ec29-5826-4e36-9919-4cf11866fa85,2026-08-25 19:32:14.523000-05:00,2026-08-25,5,19
e242ec29-5826-4e36-9919-4cf11866fa85,2026-08-25 19:32:26.057000-05:00,2026-08-25,5,19
9d7f908f-68db-41a5-8942-e40a15c03be9,2026-08-25 19:32:50.717000-05:00,2026-08-25,5,19
c7dc08ed-e1ce-4cea-88ff-76cd770da899,2026-08-25 19:33:15.230000-05:00,2026-08-25,5,19
e242ec29-5826-4e36-9919-4cf11866fa85,2026-08-25 19:34:26.337000-05:00,2026-08-25,5,19
c7dc08ed-e1ce-4cea-88ff-76cd770da899,2026-08-25 19:35:02.620000-05:00,2026-08-25,5,19
4d1f53fc-d604-40bb-be61-20e5c82d358e,2026-08-25 19:35:20.354000-05:00,2026-08-25,5,19
4d1f53fc-d604-40bb-be61-20e5c82d358e,2026-08-25 19:35:25.655000-05:00,2026-08-25,5,19
4d1f53fc-d604-40bb-be61-20e5c82d358e,2026-08-25 19:36:45.827000-05:00,2026-08-25,5,19
e242ec29-5826-4e36-9919-4cf11866fa85,2026-08-25 19:39:03.837000-05:00,2026-08-25,5,19
9d7f908f-68db-41a5-8942-e40a15c03be9,2026-08-25 19:39:57.631000-05:00,2026-08-25,5,19
e2bdcb68-ddef-4cb2-ba8b-d5871d930a99,2026-08-25 19:43:55.139000-05:00,2026-08-25,5,19
e2bdcb68-ddef-4cb2-ba8b-d5871d930a99,2026-08-25 19:44:05.347000-05:00,2026-08-25,5,19
e2bdcb68-ddef-4cb2-ba8b-d5871d930a99,2026-08-25 19:45:06.283000-05:00,2026-08-25,5,19
e242ec29-5826-4e36-9919-4cf11866fa85,2026-08-25 19:48:45.956000-05:00,2026-08-25,5,19
c7dc08ed-e1ce-4cea-88ff-76cd770da899,2026-08-25 19:49:48.599000-05:00,2026-08-25,5,19
4d1f53fc-d604-40bb-be61-20e5c82d358e,2026-08-25 19:50:13.204000-05:00,2026-08-25,5,19
c7dc08ed-e1ce-4cea-88ff-76cd770da899,2026-08-25 19:53:20.179000-05:00,2026-08-25,5,19
c7dc08ed-e1ce-4cea-88ff-76cd770da899,2026-08-25 19:57:46.881000-05:00,2026-08-25,5,19
9d7f908f-68db-41a5-8942-e40a15c03be9,2026-08-25 19:58:10.689000-05:00,2026-08-25,5,19
c7dc08ed-e1ce-4cea-88ff-76cd770da899,2026-08-25 20:09:13.814000-05:00,2026-08-25,2,20
c7dc08ed-e1ce-4cea-88ff-76cd770da899,2026-08-25 20:12:08.377000-05:00,2026-08-25,2,20
c7dc08ed-e1ce-4cea-88ff-76cd770da899,2026-08-25 20:12:47.186000-05:00,2026-08-25,2,20
4b2979af-424f-4cb5-8cb0-a9ca4c429d2f,2026-08-25 20:36:28.614000-05:00,2026-08-25,2,20
5865a288-2325-4d1b-85e6-a97824eb62cb,2026-08-25 20:39:44.715000-05:00,2026-08-25,2,20
5865a288-2325-4d1b-85e6-a97824eb62cb,2026-08-25 20:41:31.646000-05:00,2026-08-25,2,20
5865a288-2325-4d1b-85e6-a97824eb62cb,2026-08-25 20:45:51.194000-05:00,2026-08-25,2,20
5865a288-2325-4d1b-85e6-a97824eb62cb,2026-08-25 20:51:29.778000-05:00,2026-08-25,1,20
5865a288-2325-4d1b-85e6-a97824eb62cb,2026-08-25 21:03:37.299000-05:00,2026-08-25,1,21
5865a288-2325-4d1b-85e6-a97824eb62cb,2026-08-25 21:06:31.807000-05:00,2026-08-25,1,21
5865a288-2325-4d1b-85e6-a97824eb62cb,2026-08-25 21:08:37.805000-05:00,2026-08-25,1,21
5865a288-2325-4d1b-85e6-a97824eb62cb,2026-08-25 21:14:12.741000-05:00,2026-08-25,1,21
5865a288-2325-4d1b-85e6-a97824eb62cb,2026-08-25 21:15:24.384000-05:00,2026-08-25,1,21
5865a288-2325-4d1b-85e6-a97824eb62cb,2026-08-25 21:26:40.650000-05:00,2026-08-25,1,21
5865a288-2325-4d1b-85e6-a97824eb62cb,2026-08-25 21:30:32.062000-05:00,2026-08-25,1,21
5865a288-2325-4d1b-85e6-a97824eb62cb,2026-08-25 21:34:41.975000-05:00,2026-08-25,3,21
5865a288-2325-4d1b-85e6-a97824eb62cb,2026-08-25 21:44:36.475000-05:00,2026-08-25,3,21
d19f8755-3b0a-4923-b02b-1b28342b882b,2026-08-25 21:49:09.428000-05:00,2026-08-25,3,21
ab84bf46-1971-48bb-baa0-d23c34dc5318,2026-08-25 21:49:09.428000-05:00,2026-08-25,3,21
d19f8755-3b0a-4923-b02b-1b28342b882b,2026-08-25 21:53:39.780000-05:00,2026-08-25,3,21
ab84bf46-1971-48bb-baa0-d23c34dc5318,2026-08-25 21:53:39.780000-05:00,2026-08-25,3,21
d19f8755-3b0a-4923-b02b-1b28342b882b,2026-08-25 21:54:43.160000-05:00,2026-08-25,4,21
ab84bf46-1971-48bb-baa0-d23c34dc5318,2026-08-25 21:54:43.160000-05:00,2026-08-25,4,21
d19f8755-3b0a-4923-b02b-1b28342b882b,2026-08-25 21:58:35.786000-05:00,2026-08-25,4,21
ab84bf46-1971-48bb-baa0-d23c34dc5318,2026-08-25 21:58:35.786000-05:00,2026-08-25,4,21
d19f8755-3b0a-4923-b02b-1b28342b882b,2026-08-25 22:07:49.932000-05:00,2026-08-25,3,22
ab84bf46-1971-48bb-baa0-d23c34dc5318,2026-08-25 22:07:49.932000-05:00,2026-08-25,3,22
11b60e0b-3d31-4326-a665-f609c286ec9b,2026-08-25 22:09:13.116000-05:00,2026-08-25,3,22
ab84bf46-1971-48bb-baa0-d23c34dc5318,2026-08-25 22:10:38.542000-05:00,2026-08-25,3,22
d19f8755-3b0a-4923-b02b-1b28342b882b,2026-08-25 22:10:38.542000-05:00,2026-08-25,3,22
d19f8755-3b0a-4923-b02b-1b28342b882b,2026-08-25 22:14:19.444000-05:00,2026-08-25,3,22
ab84bf46-1971-48bb-baa0-d23c34dc5318,2026-08-25 22:14:19.444000-05:00,2026-08-25,3,22
ab84bf46-1971-48bb-baa0-d23c34dc5318,2026-08-25 22:20:17.006000-05:00,2026-08-25,3,22
d19f8755-3b0a-4923-b02b-1b28342b882b,2026-08-25 22:20:17.006000-05:00,2026-08-25,3,22
ab84bf46-1971-48bb-baa0-d23c34dc5318,2026-08-25 22:25:49.667000-05:00,2026-08-25,2,22
d19f8755-3b0a-4923-b02b-1b28342b882b,2026-08-25 22:25:49.667000-05:00,2026-08-25,2,22
ab84bf46-1971-48bb-baa0-d23c34dc5318,2026-08-25 22:42:09.618000-05:00,2026-08-25,1,22
ab84bf46-1971-48bb-baa0-d23c34dc5318,2026-08-26 07:05:10.845000-05:00,2026-08-26,1,7
ab84bf46-1971-48bb-baa0-d23c34dc5318,2026-08-26 07:10:27.206000-05:00,2026-08-26,1,7
ab84bf46-1971-48bb-baa0-d23c34dc5318,2026-08-26 07:12:56.688000-05:00,2026-08-26,1,7
ab84bf46-1971-48bb-baa0-d23c34dc5318,2026-08-26 07:22:01.676000-05:00,2026-08-26,1,7
ab84bf46-1971-48bb-baa0-d23c34dc5318,2026-08-26 10:24:21.303000-05:00,2026-08-26,1,10
ab84bf46-1971-48bb-baa0-d23c34dc5318,2026-08-26 10:45:38.662000-05:00,2026-08-26,2,10
4083506a-5f92-4de0-8ee3-9019be789601,2026-08-26 10:57:03.992000-05:00,2026-08-26,3,10
4083506a-5f92-4de0-8ee3-9019be789601,2026-08-26 10:57:10.560000-05:00,2026-08-26,3,10
4083506a-5f92-4de0-8ee3-9019be789601,2026-08-26 10:58:00.671000-05:00,2026-08-26,3,10
4083506a-5f92-4de0-8ee3-9019be789601,2026-08-26 10:59:08.996000-05:00,2026-08-26,4,10
4083506a-5f92-4de0-8ee3-9019be789601,2026-08-26 11:00:19.562000-05:00,2026-08-26,4,11
4083506a-5f92-4de0-8ee3-9019be789601,2026-08-26 11:00:47.887000-05:00,2026-08-26,4,11
4083506a-5f92-4de0-8ee3-9019be789601,2026-08-26 11:03:01.645000-05:00,2026-08-26,4,11
ab84bf46-1971-48bb-baa0-d23c34dc5318,2026-08-26 11:03:39.044000-05:00,2026-08-26,4,11
3577db5a-0bbe-4907-931f-2bc1ed46f6fc,2026-08-26 11:04:16.368000-05:00,2026-08-26,4,11
3577db5a-0bbe-4907-931f-2bc1ed46f6fc,2026-08-26 11:07:38.934000-05:00,2026-08-26,4,11
e4c5bdcb-83c0-4dcf-bdcf-fd5b0103e689,2026-08-26 11:14:05.222000-05:00,2026-08-26,4,11
e4c5bdcb-83c0-4dcf-bdcf-fd5b0103e689,2026-08-26 11:14:50.370000-05:00,2026-08-26,4,11
e4c5bdcb-83c0-4dcf-bdcf-fd5b0103e689,2026-08-26 11:16:29.412000-05:00,2026-08-26,4,11
e4c5bdcb-83c0-4dcf-bdcf-fd5b0103e689,2026-08-26 11:17:37.038000-05:00,2026-08-26,4,11
e4c5bdcb-83c0-4dcf-bdcf-fd5b0103e689,2026-08-26 11:20:41.343000-05:00,2026-08-26,3,11
4083506a-5f92-4de0-8ee3-9019be789601,2026-08-26 11:24:03.959000-05:00,2026-08-26,2,11
4083506a-5f92-4de0-8ee3-9019be789601,2026-08-26 11:24:56.954000-05:00,2026-08-26,2,11
4083506a-5f92-4de0-8ee3-9019be789601,2026-08-26 11:28:28.332000-05:00,2026-08-26,2,11
e4c5bdcb-83c0-4dcf-bdcf-fd5b0103e689,2026-08-26 11:28:59.713000-05:00,2026-08-26,2,11
4083506a-5f92-4de0-8ee3-9019be789601,2026-08-26 11:59:44.605000-05:00,2026-08-26,2,11
4083506a-5f92-4de0-8ee3-9019be789601,2026-08-26 12:01:08.276000-05:00,2026-08-26,2,12
3577db5a-0bbe-4907-931f-2bc1ed46f6fc,2026-08-26 12:04:11.174000-05:00,2026-08-26,2,12
3577db5a-0bbe-4907-931f-2bc1ed46f6fc,2026-08-26 12:07:09.913000-05:00,2026-08-26,2,12
ab84bf46-1971-48bb-baa0-d23c34dc5318,2026-08-26 12:23:35.652000-05:00,2026-08-26,1,12
ab84bf46-1971-48bb-baa0-d23c34dc5318,2026-08-26 12:27:04.161000-05:00,2026-08-26,1,12
ab84bf46-1971-48bb-baa0-d23c34dc5318,2026-08-26 12:50:13.296000-05:00,2026-08-26,2,12
codex-01a03f32-71f,2026-08-26 12:56:46.285000-05:00,2026-08-26,2,12
codex-01a03f32-71f,2026-08-26 13:10:51.944000-05:00,2026-08-26,4,13
codex-01a03f32-71f,2026-08-26 13:11:04.132000-05:00,2026-08-26,4,13
codex-01a03f32-71f,2026-08-26 13:11:20.872000-05:00,2026-08-26,4,13
9914c288-aeca-4656-bdf2-24e5d70ba8bb,2026-08-26 13:13:37.877000-05:00,2026-08-26,4,13
bea7a6fd-5763-4eea-8c4c-fddeb8530e33,2026-08-26 13:14:03.544000-05:00,2026-08-26,4,13
1c3bc52c-4a64-4013-b7ba-657a513b2df1,2026-08-26 13:15:18.571000-05:00,2026-08-26,4,13
9914c288-aeca-4656-bdf2-24e5d70ba8bb,2026-08-26 13:16:25.017000-05:00,2026-08-26,4,13
1c3bc52c-4a64-4013-b7ba-657a513b2df1,2026-08-26 13:18:06.852000-05:00,2026-08-26,4,13
9914c288-aeca-4656-bdf2-24e5d70ba8bb,2026-08-26 13:18:35.879000-05:00,2026-08-26,4,13
3577db5a-0bbe-4907-931f-2bc1ed46f6fc,2026-08-26 13:35:06.330000-05:00,2026-08-26,1,13
3577db5a-0bbe-4907-931f-2bc1ed46f6fc,2026-08-26 13:39:46.165000-05:00,2026-08-26,1,13
3577db5a-0bbe-4907-931f-2bc1ed46f6fc,2026-08-26 13:47:47.369000-05:00,2026-08-26,1,13
3577db5a-0bbe-4907-931f-2bc1ed46f6fc,2026-08-26 13:49:36.833000-05:00,2026-08-26,1,13
3577db5a-0bbe-4907-931f-2bc1ed46f6fc,2026-08-26 14:13:55.859000-05:00,2026-08-26,2,14
3577db5a-0bbe-4907-931f-2bc1ed46f6fc,2026-08-26 14:17:36.304000-05:00,2026-08-26,2,14
4083506a-5f92-4de0-8ee3-9019be789601,2026-08-26 14:18:32.349000-05:00,2026-08-26,2,14
3577db5a-0bbe-4907-931f-2bc1ed46f6fc,2026-08-26 14:20:34.767000-05:00,2026-08-26,2,14
3577db5a-0bbe-4907-931f-2bc1ed46f6fc,2026-08-26 14:24:17.061000-05:00,2026-08-26,2,14
3577db5a-0bbe-4907-931f-2bc1ed46f6fc,2026-08-26 14:24:58.657000-05:00,2026-08-26,2,14
3577db5a-0bbe-4907-931f-2bc1ed46f6fc,2026-08-26 14:27:42.432000-05:00,2026-08-26,2,14
3577db5a-0bbe-4907-931f-2bc1ed46f6fc,2026-08-26 14:29:53.450000-05:00,2026-08-26,2,14
3577db5a-0bbe-4907-931f-2bc1ed46f6fc,2026-08-26 14:31:32.753000-05:00,2026-08-26,2,14
3577db5a-0bbe-4907-931f-2bc1ed46f6fc,2026-08-26 14:34:52.587000-05:00,2026-08-26,1,14
3577db5a-0bbe-4907-931f-2bc1ed46f6fc,2026-08-26 14:39:57.164000-05:00,2026-08-26,1,14
3577db5a-0bbe-4907-931f-2bc1ed46f6fc,2026-08-26 14:45:43.707000-05:00,2026-08-26,1,14
3577db5a-0bbe-4907-931f-2bc1ed46f6fc,2026-08-26 14:55:05.717000-05:00,2026-08-26,1,14
3577db5a-0bbe-4907-931f-2bc1ed46f6fc,2026-08-26 16:19:29.022000-05:00,2026-08-26,2,16
4083506a-5f92-4de0-8ee3-9019be789601,2026-08-26 16:20:47.466000-05:00,2026-08-26,3,16
3577db5a-0bbe-4907-931f-2bc1ed46f6fc,2026-08-26 16:22:17.133000-05:00,2026-08-26,3,16
3577db5a-0bbe-4907-931f-2bc1ed46f6fc,2026-08-26 16:22:49.667000-05:00,2026-08-26,3,16
3577db5a-0bbe-4907-931f-2bc1ed46f6fc,2026-08-26 16:23:42.822000-05:00,2026-08-26,3,16
3577db5a-0bbe-4907-931f-2bc1ed46f6fc,2026-08-26 16:29:08.455000-05:00,2026-08-26,3,16
ddddf1c1-9357-4c39-8b2c-00a3aeb508ab,2026-08-26 16:35:11.521000-05:00,2026-08-26,3,16
ddddf1c1-9357-4c39-8b2c-00a3aeb508ab,2026-08-26 16:41:00.153000-05:00,2026-08-26,3,16
ddddf1c1-9357-4c39-8b2c-00a3aeb508ab,2026-08-26 16:42:56.379000-05:00,2026-08-26,3,16
ddddf1c1-9357-4c39-8b2c-00a3aeb508ab,2026-08-26 16:48:23.567000-05:00,2026-08-26,3,16
9d7f908f-68db-41a5-8942-e40a15c03be9,2026-08-26 16:50:49.456000-05:00,2026-08-26,3,16
ddddf1c1-9357-4c39-8b2c-00a3aeb508ab,2026-08-26 16:51:33.722000-05:00,2026-08-26,3,16
ddddf1c1-9357-4c39-8b2c-00a3aeb508ab,2026-08-26 16:55:49.312000-05:00,2026-08-26,3,16
ddddf1c1-9357-4c39-8b2c-00a3aeb508ab,2026-08-26 16:56:28.979000-05:00,2026-08-26,3,16
ddddf1c1-9357-4c39-8b2c-00a3aeb508ab,2026-08-26 16:58:53.117000-05:00,2026-08-26,3,16
c147cbb8-65ff-4ab3-8f85-bcd4f5229ba9,2026-08-26 17:01:27.195000-05:00,2026-08-26,3,17
c147cbb8-65ff-4ab3-8f85-bcd4f5229ba9,2026-08-26 17:01:41.892000-05:00,2026-08-26,3,17
c147cbb8-65ff-4ab3-8f85-bcd4f5229ba9,2026-08-26 17:05:39.312000-05:00,2026-08-26,3,17
ddddf1c1-9357-4c39-8b2c-00a3aeb508ab,2026-08-26 17:06:48.470000-05:00,2026-08-26,2,17
ddddf1c1-9357-4c39-8b2c-00a3aeb508ab,2026-08-26 17:09:56.971000-05:00,2026-08-26,2,17
c147cbb8-65ff-4ab3-8f85-bcd4f5229ba9,2026-08-26 17:12:47.267000-05:00,2026-08-26,3,17
ddddf1c1-9357-4c39-8b2c-00a3aeb508ab,2026-08-26 17:18:49.047000-05:00,2026-08-26,3,17
ddddf1c1-9357-4c39-8b2c-00a3aeb508ab,2026-08-26 17:20:37.953000-05:00,2026-08-26,3,17
ddddf1c1-9357-4c39-8b2c-00a3aeb508ab,2026-08-26 17:22:15.451000-05:00,2026-08-26,3,17
ddddf1c1-9357-4c39-8b2c-00a3aeb508ab,2026-08-26 17:23:40.892000-05:00,2026-08-26,3,17
9d7f908f-68db-41a5-8942-e40a15c03be9,2026-08-26 17:26:08.841000-05:00,2026-08-26,3,17
ddddf1c1-9357-4c39-8b2c-00a3aeb508ab,2026-08-26 17:27:56.830000-05:00,2026-08-26,2,17
ddddf1c1-9357-4c39-8b2c-00a3aeb508ab,2026-08-26 17:36:41.443000-05:00,2026-08-26,2,17
ddddf1c1-9357-4c39-8b2c-00a3aeb508ab,2026-08-26 17:43:18.020000-05:00,2026-08-26,1,17
ddddf1c1-9357-4c39-8b2c-00a3aeb508ab,2026-08-26 17:43:45.091000-05:00,2026-08-26,1,17
ddddf1c1-9357-4c39-8b2c-00a3aeb508ab,2026-08-26 17:45:05.863000-05:00,2026-08-26,1,17
ddddf1c1-9357-4c39-8b2c-00a3aeb508ab,2026-08-26 18:18:57.296000-05:00,2026-08-26,1,18
ddddf1c1-9357-4c39-8b2c-00a3aeb508ab,2026-08-26 19:18:03.360000-05:00,2026-08-26,2,19
9d7f908f-68db-41a5-8942-e40a15c03be9,2026-08-26 19:19:43.593000-05:00,2026-08-26,2,19
ddddf1c1-9357-4c39-8b2c-00a3aeb508ab,2026-08-26 19:21:10.045000-05:00,2026-08-26,2,19
ddddf1c1-9357-4c39-8b2c-00a3aeb508ab,2026-08-26 19:29:16.223000-05:00,2026-08-26,2,19
ddddf1c1-9357-4c39-8b2c-00a3aeb508ab,2026-08-26 19:30:07.883000-05:00,2026-08-26,2,19
ddddf1c1-9357-4c39-8b2c-00a3aeb508ab,2026-08-26 19:30:46.261000-05:00,2026-08-26,2,19
ddddf1c1-9357-4c39-8b2c-00a3aeb508ab,2026-08-26 19:31:40.522000-05:00,2026-08-26,2,19
ddddf1c1-9357-4c39-8b2c-00a3aeb508ab,2026-08-26 19:32:21.328000-05:00,2026-08-26,2,19
ddddf1c1-9357-4c39-8b2c-00a3aeb508ab,2026-08-26 19:32:57.052000-05:00,2026-08-26,2,19
9d7f908f-68db-41a5-8942-e40a15c03be9,2026-08-26 19:48:01.997000-05:00,2026-08-26,3,19
5fd6e6ed-9498-4530-bfc5-589a2eea2931,2026-08-26 19:48:43.805000-05:00,2026-08-26,3,19
ddddf1c1-9357-4c39-8b2c-00a3aeb508ab,2026-08-26 19:49:37.213000-05:00,2026-08-26,3,19
5fd6e6ed-9498-4530-bfc5-589a2eea2931,2026-08-26 19:51:16.977000-05:00,2026-08-26,4,19
ddddf1c1-9357-4c39-8b2c-00a3aeb508ab,2026-08-26 19:52:47.952000-05:00,2026-08-26,4,19
5fd6e6ed-9498-4530-bfc5-589a2eea2931,2026-08-26 19:53:33.279000-05:00,2026-08-26,4,19
5fd6e6ed-9498-4530-bfc5-589a2eea2931,2026-08-26 19:56:49.981000-05:00,2026-08-26,4,19
ddddf1c1-9357-4c39-8b2c-00a3aeb508ab,2026-08-26 19:57:05.738000-05:00,2026-08-26,4,19
5fd6e6ed-9498-4530-bfc5-589a2eea2931,2026-08-26 20:01:27.197000-05:00,2026-08-26,4,20
5fd6e6ed-9498-4530-bfc5-589a2eea2931,2026-08-26 20:03:53.981000-05:00,2026-08-26,3,20
d5479426-eb66-4406-934f-3c48f6a2f35b,2026-08-26 20:04:41.972000-05:00,2026-08-26,3,20
d5479426-eb66-4406-934f-3c48f6a2f35b,2026-08-26 20:06:35.085000-05:00,2026-08-26,3,20
d5479426-eb66-4406-934f-3c48f6a2f35b,2026-08-26 20:06:46.403000-05:00,2026-08-26,3,20
d5479426-eb66-4406-934f-3c48f6a2f35b,2026-08-26 20:08:23.928000-05:00,2026-08-26,3,20
d5479426-eb66-4406-934f-3c48f6a2f35b,2026-08-26 20:08:35.133000-05:00,2026-08-26,3,20
d5479426-eb66-4406-934f-3c48f6a2f35b,2026-08-26 20:08:53.612000-05:00,2026-08-26,3,20
d5479426-eb66-4406-934f-3c48f6a2f35b,2026-08-26 20:09:58.841000-05:00,2026-08-26,3,20
ddddf1c1-9357-4c39-8b2c-00a3aeb508ab,2026-08-26 20:10:28.975000-05:00,2026-08-26,3,20
d5479426-eb66-4406-934f-3c48f6a2f35b,2026-08-26 20:13:45.213000-05:00,2026-08-26,3,20
ddddf1c1-9357-4c39-8b2c-00a3aeb508ab,2026-08-26 20:15:00.400000-05:00,2026-08-26,3,20
d5479426-eb66-4406-934f-3c48f6a2f35b,2026-08-26 20:16:16.616000-05:00,2026-08-26,3,20
d5479426-eb66-4406-934f-3c48f6a2f35b,2026-08-26 20:17:52.753000-05:00,2026-08-26,3,20
d5479426-eb66-4406-934f-3c48f6a2f35b,2026-08-26 20:20:04.872000-05:00,2026-08-26,2,20
d5479426-eb66-4406-934f-3c48f6a2f35b,2026-08-26 20:22:03.801000-05:00,2026-08-26,2,20
d5479426-eb66-4406-934f-3c48f6a2f35b,2026-08-26 20:22:35.374000-05:00,2026-08-26,2,20
d5479426-eb66-4406-934f-3c48f6a2f35b,2026-08-26 20:23:08.859000-05:00,2026-08-26,2,20
d5479426-eb66-4406-934f-3c48f6a2f35b,2026-08-26 20:24:10.784000-05:00,2026-08-26,2,20
d5479426-eb66-4406-934f-3c48f6a2f35b,2026-08-26 20:31:50.498000-05:00,2026-08-26,3,20
ddddf1c1-9357-4c39-8b2c-00a3aeb508ab,2026-08-26 20:35:09.621000-05:00,2026-08-26,3,20
d5479426-eb66-4406-934f-3c48f6a2f35b,2026-08-26 20:37:32.254000-05:00,2026-08-26,3,20
d5479426-eb66-4406-934f-3c48f6a2f35b,2026-08-26 20:37:59.550000-05:00,2026-08-26,3,20
d5479426-eb66-4406-934f-3c48f6a2f35b,2026-08-26 20:38:49.713000-05:00,2026-08-26,3,20
ddddf1c1-9357-4c39-8b2c-00a3aeb508ab,2026-08-26 20:42:40.286000-05:00,2026-08-26,3,20
32a00a5d-7c31-4d08-b61f-9e84de2cc2e6,2026-08-26 20:45:25.732000-05:00,2026-08-26,3,20
ddddf1c1-9357-4c39-8b2c-00a3aeb508ab,2026-08-26 20:46:46.892000-05:00,2026-08-26,3,20
ddddf1c1-9357-4c39-8b2c-00a3aeb508ab,2026-08-26 20:49:05.447000-05:00,2026-08-26,3,20
ddddf1c1-9357-4c39-8b2c-00a3aeb508ab,2026-08-26 20:51:52.024000-05:00,2026-08-26,3,20
ddddf1c1-9357-4c39-8b2c-00a3aeb508ab,2026-08-26 20:59:39.339000-05:00,2026-08-26,2,20
ddddf1c1-9357-4c39-8b2c-00a3aeb508ab,2026-08-26 21:04:19.135000-05:00,2026-08-26,1,21
ddddf1c1-9357-4c39-8b2c-00a3aeb508ab,2026-08-26 21:05:27.947000-05:00,2026-08-26,1,21
ddddf1c1-9357-4c39-8b2c-00a3aeb508ab,2026-08-26 21:23:34.839000-05:00,2026-08-26,1,21
ddddf1c1-9357-4c39-8b2c-00a3aeb508ab,2026-08-26 21:25:53.176000-05:00,2026-08-26,1,21
ddddf1c1-9357-4c39-8b2c-00a3aeb508ab,2026-08-26 21:30:14.747000-05:00,2026-08-26,1,21
ddddf1c1-9357-4c39-8b2c-00a3aeb508ab,2026-08-26 21:35:46.651000-05:00,2026-08-26,1,21
ddddf1c1-9357-4c39-8b2c-00a3aeb508ab,2026-08-26 21:40:49.876000-05:00,2026-08-26,1,21
ddddf1c1-9357-4c39-8b2c-00a3aeb508ab,2026-08-26 21:47:20.819000-05:00,2026-08-26,1,21
ddddf1c1-9357-4c39-8b2c-00a3aeb508ab,2026-08-26 21:51:05.075000-05:00,2026-08-26,1,21
ddddf1c1-9357-4c39-8b2c-00a3aeb508ab,2026-08-26 21:55:26.142000-05:00,2026-08-26,1,21
ddddf1c1-9357-4c39-8b2c-00a3aeb508ab,2026-08-26 21:57:42.328000-05:00,2026-08-26,1,21
ddddf1c1-9357-4c39-8b2c-00a3aeb508ab,2026-08-26 21:59:53.024000-05:00,2026-08-26,1,21
ddddf1c1-9357-4c39-8b2c-00a3aeb508ab,2026-08-26 22:03:00.176000-05:00,2026-08-26,1,22
ddddf1c1-9357-4c39-8b2c-00a3aeb508ab,2026-08-26 22:03:59.357000-05:00,2026-08-26,1,22
ddddf1c1-9357-4c39-8b2c-00a3aeb508ab,2026-08-26 22:06:44.718000-05:00,2026-08-26,1,22
ddddf1c1-9357-4c39-8b2c-00a3aeb508ab,2026-08-26 22:10:00.739000-05:00,2026-08-26,1,22
ddddf1c1-9357-4c39-8b2c-00a3aeb508ab,2026-08-26 22:30:30.268000-05:00,2026-08-26,1,22
64c0709d-adc3-42b3-bbb0-1c60528413d4,2026-08-27 09:44:58.423000-05:00,2026-08-27,1,9
64c0709d-adc3-42b3-bbb0-1c60528413d4,2026-08-27 09:48:01.342000-05:00,2026-08-27,1,9
64c0709d-adc3-42b3-bbb0-1c60528413d4,2026-08-27 09:50:31.431000-05:00,2026-08-27,2,9
64c0709d-adc3-42b3-bbb0-1c60528413d4,2026-08-27 09:56:59.014000-05:00,2026-08-27,2,9
b3955f5e-5096-4c36-acb9-5d56f2cc59f3,2026-08-27 10:04:19.963000-05:00,2026-08-27,2,10
b3955f5e-5096-4c36-acb9-5d56f2cc59f3,2026-08-27 10:21:15.774000-05:00,2026-08-27,1,10
b3955f5e-5096-4c36-acb9-5d56f2cc59f3,2026-08-27 10:22:24.671000-05:00,2026-08-27,1,10
b3955f5e-5096-4c36-acb9-5d56f2cc59f3,2026-08-27 10:22:36.771000-05:00,2026-08-27,1,10
b3955f5e-5096-4c36-acb9-5d56f2cc59f3,2026-08-27 10:22:44.909000-05:00,2026-08-27,1,10
b3955f5e-5096-4c36-acb9-5d56f2cc59f3,2026-08-27 10:24:34.337000-05:00,2026-08-27,1,10
b3955f5e-5096-4c36-acb9-5d56f2cc59f3,2026-08-27 10:27:25.267000-05:00,2026-08-27,1,10
b3955f5e-5096-4c36-acb9-5d56f2cc59f3,2026-08-27 10:27:44.236000-05:00,2026-08-27,1,10
b3955f5e-5096-4c36-acb9-5d56f2cc59f3,2026-08-27 10:29:28.269000-05:00,2026-08-27,1,10
b3955f5e-5096-4c36-acb9-5d56f2cc59f3,2026-08-27 10:31:39.794000-05:00,2026-08-27,1,10
b3955f5e-5096-4c36-acb9-5d56f2cc59f3,2026-08-27 10:32:33.273000-05:00,2026-08-27,1,10
b3955f5e-5096-4c36-acb9-5d56f2cc59f3,2026-08-27 10:33:08.364000-05:00,2026-08-27,1,10
b3955f5e-5096-4c36-acb9-5d56f2cc59f3,2026-08-27 10:33:49.984000-05:00,2026-08-27,1,10
b3955f5e-5096-4c36-acb9-5d56f2cc59f3,2026-08-27 10:35:22.591000-05:00,2026-08-27,1,10
b3955f5e-5096-4c36-acb9-5d56f2cc59f3,2026-08-27 10:39:10.705000-05:00,2026-08-27,1,10
b3955f5e-5096-4c36-acb9-5d56f2cc59f3,2026-08-27 10:42:45.394000-05:00,2026-08-27,1,10
b3955f5e-5096-4c36-acb9-5d56f2cc59f3,2026-08-27 10:43:31.002000-05:00,2026-08-27,1,10
b3955f5e-5096-4c36-acb9-5d56f2cc59f3,2026-08-27 10:44:31.130000-05:00,2026-08-27,1,10
b3955f5e-5096-4c36-acb9-5d56f2cc59f3,2026-08-27 10:45:29.930000-05:00,2026-08-27,1,10
b3955f5e-5096-4c36-acb9-5d56f2cc59f3,2026-08-27 10:48:16.105000-05:00,2026-08-27,1,10
b3955f5e-5096-4c36-acb9-5d56f2cc59f3,2026-08-27 10:54:36.185000-05:00,2026-08-27,1,10
b3955f5e-5096-4c36-acb9-5d56f2cc59f3,2026-08-27 10:55:29.082000-05:00,2026-08-27,1,10
b3955f5e-5096-4c36-acb9-5d56f2cc59f3,2026-08-27 10:57:08.936000-05:00,2026-08-27,1,10
b3955f5e-5096-4c36-acb9-5d56f2cc59f3,2026-08-27 11:00:09.153000-05:00,2026-08-27,1,11
b3955f5e-5096-4c36-acb9-5d56f2cc59f3,2026-08-27 11:01:24.803000-05:00,2026-08-27,1,11
b3955f5e-5096-4c36-acb9-5d56f2cc59f3,2026-08-27 11:02:43.578000-05:00,2026-08-27,1,11
b3955f5e-5096-4c36-acb9-5d56f2cc59f3,2026-08-27 11:03:06.908000-05:00,2026-08-27,1,11
b3955f5e-5096-4c36-acb9-5d56f2cc59f3,2026-08-27 11:03:42.202000-05:00,2026-08-27,1,11
b3955f5e-5096-4c36-acb9-5d56f2cc59f3,2026-08-27 11:04:16.970000-05:00,2026-08-27,1,11
b3955f5e-5096-4c36-acb9-5d56f2cc59f3,2026-08-27 11:04:41.905000-05:00,2026-08-27,1,11
b3955f5e-5096-4c36-acb9-5d56f2cc59f3,2026-08-27 11:06:08.195000-05:00,2026-08-27,1,11
b3955f5e-5096-4c36-acb9-5d56f2cc59f3,2026-08-27 11:06:33.445000-05:00,2026-08-27,1,11
b3955f5e-5096-4c36-acb9-5d56f2cc59f3,2026-08-27 11:07:35.616000-05:00,2026-08-27,1,11
b3955f5e-5096-4c36-acb9-5d56f2cc59f3,2026-08-27 11:10:37.196000-05:00,2026-08-27,2,11
e9da183a-b19c-4387-9b6e-be620e19d2e2,2026-08-27 11:23:50.643000-05:00,2026-08-27,3,11
e114a48b-b0a1-42dc-803c-72665ba0d78d,2026-08-27 11:27:43.962000-05:00,2026-08-27,2,11
e9da183a-b19c-4387-9b6e-be620e19d2e2,2026-08-27 11:29:31.124000-05:00,2026-08-27,2,11
e114a48b-b0a1-42dc-803c-72665ba0d78d,2026-08-27 11:33:34.268000-05:00,2026-08-27,2,11
e114a48b-b0a1-42dc-803c-72665ba0d78d,2026-08-27 11:36:32.966000-05:00,2026-08-27,2,11
e114a48b-b0a1-42dc-803c-72665ba0d78d,2026-08-27 11:37:21.222000-05:00,2026-08-27,2,11
e114a48b-b0a1-42dc-803c-72665ba0d78d,2026-08-27 11:38:24.842000-05:00,2026-08-27,2,11
e114a48b-b0a1-42dc-803c-72665ba0d78d,2026-08-27 11:39:45.758000-05:00,2026-08-27,2,11
e114a48b-b0a1-42dc-803c-72665ba0d78d,2026-08-27 11:40:53.905000-05:00,2026-08-27,2,11
e114a48b-b0a1-42dc-803c-72665ba0d78d,2026-08-27 11:41:26.592000-05:00,2026-08-27,2,11
e114a48b-b0a1-42dc-803c-72665ba0d78d,2026-08-27 11:42:16.706000-05:00,2026-08-27,2,11
e114a48b-b0a1-42dc-803c-72665ba0d78d,2026-08-27 11:45:00.040000-05:00,2026-08-27,2,11
e114a48b-b0a1-42dc-803c-72665ba0d78d,2026-08-27 11:46:39.555000-05:00,2026-08-27,2,11
e114a48b-b0a1-42dc-803c-72665ba0d78d,2026-08-27 11:48:03.403000-05:00,2026-08-27,2,11
e114a48b-b0a1-42dc-803c-72665ba0d78d,2026-08-27 11:48:29.909000-05:00,2026-08-27,2,11
e114a48b-b0a1-42dc-803c-72665ba0d78d,2026-08-27 11:49:55.393000-05:00,2026-08-27,2,11
e114a48b-b0a1-42dc-803c-72665ba0d78d,2026-08-27 11:51:47.301000-05:00,2026-08-27,2,11
e114a48b-b0a1-42dc-803c-72665ba0d78d,2026-08-27 11:52:17.844000-05:00,2026-08-27,2,11
e114a48b-b0a1-42dc-803c-72665ba0d78d,2026-08-27 11:52:43.977000-05:00,2026-08-27,2,11
e114a48b-b0a1-42dc-803c-72665ba0d78d,2026-08-27 11:52:59.167000-05:00,2026-08-27,2,11
e114a48b-b0a1-42dc-803c-72665ba0d78d,2026-08-27 11:53:45.142000-05:00,2026-08-27,2,11
e9da183a-b19c-4387-9b6e-be620e19d2e2,2026-08-27 11:54:27.485000-05:00,2026-08-27,2,11
e114a48b-b0a1-42dc-803c-72665ba0d78d,2026-08-27 11:54:57.293000-05:00,2026-08-27,2,11
e9da183a-b19c-4387-9b6e-be620e19d2e2,2026-08-27 11:57:03.845000-05:00,2026-08-27,2,11
e9da183a-b19c-4387-9b6e-be620e19d2e2,2026-08-27 11:59:43.397000-05:00,2026-08-27,2,11
e9da183a-b19c-4387-9b6e-be620e19d2e2,2026-08-27 12:00:44.852000-05:00,2026-08-27,2,12
e9da183a-b19c-4387-9b6e-be620e19d2e2,2026-08-27 12:01:50.348000-05:00,2026-08-27,2,12
e9da183a-b19c-4387-9b6e-be620e19d2e2,2026-08-27 12:03:10.831000-05:00,2026-08-27,2,12
e9da183a-b19c-4387-9b6e-be620e19d2e2,2026-08-27 12:03:42.837000-05:00,2026-08-27,2,12
e9da183a-b19c-4387-9b6e-be620e19d2e2,2026-08-27 12:05:40.255000-05:00,2026-08-27,2,12
3f800b4b-74a9-44e3-bb92-cf8dc087f94a,2026-08-27 12:42:42.924000-05:00,2026-08-27,1,12
3f800b4b-74a9-44e3-bb92-cf8dc087f94a,2026-08-27 12:43:12.436000-05:00,2026-08-27,2,12
3f800b4b-74a9-44e3-bb92-cf8dc087f94a,2026-08-27 12:44:32.096000-05:00,2026-08-27,2,12
3f800b4b-74a9-44e3-bb92-cf8dc087f94a,2026-08-27 12:45:30.104000-05:00,2026-08-27,3,12
3f800b4b-74a9-44e3-bb92-cf8dc087f94a,2026-08-27 12:48:06.391000-05:00,2026-08-27,3,12
4a32bd9a-0aa5-4861-911a-82957fe994bc,2026-08-27 12:58:05.723000-05:00,2026-08-27,4,12
a25f7a2d-5221-4b03-82f0-df5bdbbf2590,2026-08-27 12:59:48.642000-05:00,2026-08-27,4,12
a25f7a2d-5221-4b03-82f0-df5bdbbf2590,2026-08-27 13:02:13.200000-05:00,2026-08-27,4,13
codex-01a04465-27c,2026-08-27 13:05:12.204000-05:00,2026-08-27,4,13
codex-01a04465-27c,2026-08-27 13:06:59.833000-05:00,2026-08-27,4,13
codex-01a04465-27c,2026-08-27 13:09:00.492000-05:00,2026-08-27,4,13
3f800b4b-74a9-44e3-bb92-cf8dc087f94a,2026-08-27 13:14:53.326000-05:00,2026-08-27,4,13
3f800b4b-74a9-44e3-bb92-cf8dc087f94a,2026-08-27 13:16:58.895000-05:00,2026-08-27,4,13
3f800b4b-74a9-44e3-bb92-cf8dc087f94a,2026-08-27 13:18:52.174000-05:00,2026-08-27,3,13
4a32bd9a-0aa5-4861-911a-82957fe994bc,2026-08-27 13:25:10.720000-05:00,2026-08-27,3,13
codex-01a04465-27c,2026-08-27 13:37:07.671000-05:00,2026-08-27,2,13
codex-01a04465-27c,2026-08-27 14:08:42.414000-05:00,2026-08-27,1,14
codex-01a04465-27c,2026-08-27 14:15:29.281000-05:00,2026-08-27,1,14
4a32bd9a-0aa5-4861-911a-82957fe994bc,2026-08-27 14:40:59.648000-05:00,2026-08-27,1,14
4a32bd9a-0aa5-4861-911a-82957fe994bc,2026-08-27 15:00:46.590000-05:00,2026-08-27,1,15
4a32bd9a-0aa5-4861-911a-82957fe994bc,2026-08-27 15:08:51.249000-05:00,2026-08-27,1,15
4a32bd9a-0aa5-4861-911a-82957fe994bc,2026-08-27 15:26:48.270000-05:00,2026-08-27,2,15
4a32bd9a-0aa5-4861-911a-82957fe994bc,2026-08-27 15:28:43.605000-05:00,2026-08-27,2,15
917faa73-e49e-4906-b63f-02404768288e,2026-08-27 15:33:48.148000-05:00,2026-08-27,2,15
4a32bd9a-0aa5-4861-911a-82957fe994bc,2026-08-27 15:38:15.034000-05:00,2026-08-27,2,15
4a32bd9a-0aa5-4861-911a-82957fe994bc,2026-08-27 15:48:46.860000-05:00,2026-08-27,2,15
4a32bd9a-0aa5-4861-911a-82957fe994bc,2026-08-27 16:11:23.572000-05:00,2026-08-27,2,16
5e570cb5-2db8-4871-a8cb-a7769f982220,2026-08-27 16:21:59.550000-05:00,2026-08-27,2,16
4a32bd9a-0aa5-4861-911a-82957fe994bc,2026-08-27 16:26:33.306000-05:00,2026-08-27,2,16
5e570cb5-2db8-4871-a8cb-a7769f982220,2026-08-27 16:28:29.269000-05:00,2026-08-27,2,16
4a32bd9a-0aa5-4861-911a-82957fe994bc,2026-08-27 16:30:10.195000-05:00,2026-08-27,2,16
5e570cb5-2db8-4871-a8cb-a7769f982220,2026-08-27 16:31:13.182000-05:00,2026-08-27,2,16
5e570cb5-2db8-4871-a8cb-a7769f982220,2026-08-27 16:34:43.736000-05:00,2026-08-27,2,16
4a32bd9a-0aa5-4861-911a-82957fe994bc,2026-08-27 16:42:40.836000-05:00,2026-08-27,2,16
4a32bd9a-0aa5-4861-911a-82957fe994bc,2026-08-27 16:52:10.127000-05:00,2026-08-27,1,16
4a32bd9a-0aa5-4861-911a-82957fe994bc,2026-08-27 16:55:49.548000-05:00,2026-08-27,1,16
4a32bd9a-0aa5-4861-911a-82957fe994bc,2026-08-27 18:44:42.141000-05:00,2026-08-27,2,18
09c93f04-54ea-442a-8a74-d6041115e031,2026-08-27 18:50:52.382000-05:00,2026-08-27,2,18
09c93f04-54ea-442a-8a74-d6041115e031,2026-08-27 18:51:04.046000-05:00,2026-08-27,2,18
09c93f04-54ea-442a-8a74-d6041115e031,2026-08-27 19:22:42.150000-05:00,2026-08-27,1,19
09c93f04-54ea-442a-8a74-d6041115e031,2026-08-27 19:23:00.662000-05:00,2026-08-27,1,19
4a32bd9a-0aa5-4861-911a-82957fe994bc,2026-08-27 19:54:16.316000-05:00,2026-08-27,4,19
09c93f04-54ea-442a-8a74-d6041115e031,2026-08-27 19:55:30.010000-05:00,2026-08-27,4,19
5e570cb5-2db8-4871-a8cb-a7769f982220,2026-08-27 19:56:51.167000-05:00,2026-08-27,4,19
4a32bd9a-0aa5-4861-911a-82957fe994bc,2026-08-27 20:01:41.977000-05:00,2026-08-27,4,20
codex-01a04465-27c,2026-08-27 20:03:36.210000-05:00,2026-08-27,4,20
codex-01a04465-27c,2026-08-27 20:05:14.787000-05:00,2026-08-27,4,20
09c93f04-54ea-442a-8a74-d6041115e031,2026-08-27 20:07:06.061000-05:00,2026-08-27,4,20
codex-01a04465-27c,2026-08-27 20:08:28.949000-05:00,2026-08-27,4,20
codex-01a04465-27c,2026-08-27 20:10:10.572000-05:00,2026-08-27,4,20
5e570cb5-2db8-4871-a8cb-a7769f982220,2026-08-27 20:12:20.392000-05:00,2026-08-27,4,20
09c93f04-54ea-442a-8a74-d6041115e031,2026-08-27 20:13:10.545000-05:00,2026-08-27,4,20
codex-01a04465-27c,2026-08-27 20:16:30.306000-05:00,2026-08-27,4,20
codex-01a04465-27c,2026-08-27 20:20:30.131000-05:00,2026-08-27,3,20
09c93f04-54ea-442a-8a74-d6041115e031,2026-08-27 20:25:25.081000-05:00,2026-08-27,3,20
09c93f04-54ea-442a-8a74-d6041115e031,2026-08-27 20:25:51.142000-05:00,2026-08-27,3,20
09c93f04-54ea-442a-8a74-d6041115e031,2026-08-27 20:28:38.830000-05:00,2026-08-27,2,20
09c93f04-54ea-442a-8a74-d6041115e031,2026-08-27 20:32:07.479000-05:00,2026-08-27,2,20
09c93f04-54ea-442a-8a74-d6041115e031,2026-08-27 20:32:53.082000-05:00,2026-08-27,2,20
09c93f04-54ea-442a-8a74-d6041115e031,2026-08-27 20:34:03.533000-05:00,2026-08-27,2,20
b9bbc826-0d34-4f57-8d1b-e9181d8564b0,2026-08-27 21:10:10.636000-05:00,2026-08-27,1,21
b9bbc826-0d34-4f57-8d1b-e9181d8564b0,2026-08-27 21:11:02.841000-05:00,2026-08-27,1,21
b9bbc826-0d34-4f57-8d1b-e9181d8564b0,2026-08-27 21:12:32.682000-05:00,2026-08-27,1,21
b9bbc826-0d34-4f57-8d1b-e9181d8564b0,2026-08-27 21:16:26.069000-05:00,2026-08-27,1,21
b9bbc826-0d34-4f57-8d1b-e9181d8564b0,2026-08-27 21:17:08.270000-05:00,2026-08-27,1,21
b9bbc826-0d34-4f57-8d1b-e9181d8564b0,2026-08-27 21:18:32.217000-05:00,2026-08-27,1,21
5d0e8507-d22d-46f7-bd6d-40ca10dae338,2026-08-27 21:59:33.204000-05:00,2026-08-27,1,21
5d0e8507-d22d-46f7-bd6d-40ca10dae338,2026-08-27 22:01:12.281000-05:00,2026-08-27,1,22
5d0e8507-d22d-46f7-bd6d-40ca10dae338,2026-08-27 22:03:18.173000-05:00,2026-08-27,1,22
5d0e8507-d22d-46f7-bd6d-40ca10dae338,2026-08-27 22:04:09.345000-05:00,2026-08-27,1,22
5d0e8507-d22d-46f7-bd6d-40ca10dae338,2026-08-27 22:07:55.068000-05:00,2026-08-27,1,22
5d0e8507-d22d-46f7-bd6d-40ca10dae338,2026-08-27 22:08:23.973000-05:00,2026-08-27,1,22
5d0e8507-d22d-46f7-bd6d-40ca10dae338,2026-08-27 22:10:35.170000-05:00,2026-08-27,1,22
5d0e8507-d22d-46f7-bd6d-40ca10dae338,2026-08-27 22:12:18.431000-05:00,2026-08-27,1,22
5d0e8507-d22d-46f7-bd6d-40ca10dae338,2026-08-27 22:15:09.619000-05:00,2026-08-27,1,22
5d0e8507-d22d-46f7-bd6d-40ca10dae338,2026-08-27 22:15:52.742000-05:00,2026-08-27,1,22
5d0e8507-d22d-46f7-bd6d-40ca10dae338,2026-08-27 22:18:52.478000-05:00,2026-08-27,1,22
codex-01a048ef-255,2026-08-28 10:14:58.736000-05:00,2026-08-28,2,10
4ccd2a74-51b5-43df-8ed1-8ce23591fed1,2026-08-28 10:17:09.226000-05:00,2026-08-28,2,10
4ccd2a74-51b5-43df-8ed1-8ce23591fed1,2026-08-28 10:21:13.970000-05:00,2026-08-28,2,10
4ccd2a74-51b5-43df-8ed1-8ce23591fed1,2026-08-28 10:31:19.172000-05:00,2026-08-28,1,10
4ccd2a74-51b5-43df-8ed1-8ce23591fed1,2026-08-28 10:35:56.381000-05:00,2026-08-28,1,10
4ccd2a74-51b5-43df-8ed1-8ce23591fed1,2026-08-28 10:37:10.336000-05:00,2026-08-28,1,10
codex-01a048ef-255,2026-08-28 10:54:00.617000-05:00,2026-08-28,2,10
4ccd2a74-51b5-43df-8ed1-8ce23591fed1,2026-08-28 10:54:47.823000-05:00,2026-08-28,2,10
codex-01a048ef-255,2026-08-28 10:56:31.720000-05:00,2026-08-28,2,10
4ccd2a74-51b5-43df-8ed1-8ce23591fed1,2026-08-28 10:58:23.488000-05:00,2026-08-28,2,10
4ccd2a74-51b5-43df-8ed1-8ce23591fed1,2026-08-28 11:59:12.288000-05:00,2026-08-28,2,11
c3cb720f-47d8-42d6-a6b3-bc9ca04d9d88,2026-08-28 11:59:53.640000-05:00,2026-08-28,2,11
c3cb720f-47d8-42d6-a6b3-bc9ca04d9d88,2026-08-28 12:01:15.181000-05:00,2026-08-28,2,12
4ccd2a74-51b5-43df-8ed1-8ce23591fed1,2026-08-28 12:02:36.029000-05:00,2026-08-28,2,12
c3cb720f-47d8-42d6-a6b3-bc9ca04d9d88,2026-08-28 12:03:17.019000-05:00,2026-08-28,2,12
4ccd2a74-51b5-43df-8ed1-8ce23591fed1,2026-08-28 12:12:58.430000-05:00,2026-08-28,2,12
4ccd2a74-51b5-43df-8ed1-8ce23591fed1,2026-08-28 12:20:27.428000-05:00,2026-08-28,2,12
4ccd2a74-51b5-43df-8ed1-8ce23591fed1,2026-08-28 12:26:20.827000-05:00,2026-08-28,2,12
4ccd2a74-51b5-43df-8ed1-8ce23591fed1,2026-08-28 12:28:55.799000-05:00,2026-08-28,2,12
4ccd2a74-51b5-43df-8ed1-8ce23591fed1,2026-08-28 12:30:29.550000-05:00,2026-08-28,2,12
c3cb720f-47d8-42d6-a6b3-bc9ca04d9d88,2026-08-28 12:31:01.043000-05:00,2026-08-28,2,12
c3cb720f-47d8-42d6-a6b3-bc9ca04d9d88,2026-08-28 12:31:39.380000-05:00,2026-08-28,2,12
4ccd2a74-51b5-43df-8ed1-8ce23591fed1,2026-08-28 12:33:12.803000-05:00,2026-08-28,2,12
4ccd2a74-51b5-43df-8ed1-8ce23591fed1,2026-08-28 12:37:29.453000-05:00,2026-08-28,2,12
4ccd2a74-51b5-43df-8ed1-8ce23591fed1,2026-08-28 12:39:11.200000-05:00,2026-08-28,2,12
4ccd2a74-51b5-43df-8ed1-8ce23591fed1,2026-08-28 12:42:18.679000-05:00,2026-08-28,2,12
c3cb720f-47d8-42d6-a6b3-bc9ca04d9d88,2026-08-28 12:42:40.020000-05:00,2026-08-28,2,12
4ccd2a74-51b5-43df-8ed1-8ce23591fed1,2026-08-28 12:47:08.752000-05:00,2026-08-28,2,12
c3cb720f-47d8-42d6-a6b3-bc9ca04d9d88,2026-08-28 12:47:51.311000-05:00,2026-08-28,2,12
c3cb720f-47d8-42d6-a6b3-bc9ca04d9d88,2026-08-28 12:48:31.495000-05:00,2026-08-28,2,12
c3cb720f-47d8-42d6-a6b3-bc9ca04d9d88,2026-08-28 12:53:31.293000-05:00,2026-08-28,2,12
4ccd2a74-51b5-43df-8ed1-8ce23591fed1,2026-08-28 12:54:29.188000-05:00,2026-08-28,2,12
4ccd2a74-51b5-43df-8ed1-8ce23591fed1,2026-08-28 12:56:35.028000-05:00,2026-08-28,2,12
4ccd2a74-51b5-43df-8ed1-8ce23591fed1,2026-08-28 12:59:45.855000-05:00,2026-08-28,2,12
4ccd2a74-51b5-43df-8ed1-8ce23591fed1,2026-08-28 13:03:57.121000-05:00,2026-08-28,2,13
4ccd2a74-51b5-43df-8ed1-8ce23591fed1,2026-08-28 13:08:19.321000-05:00,2026-08-28,2,13
4ccd2a74-51b5-43df-8ed1-8ce23591fed1,2026-08-28 13:18:14.093000-05:00,2026-08-28,1,13
4ccd2a74-51b5-43df-8ed1-8ce23591fed1,2026-08-28 13:22:41.638000-05:00,2026-08-28,1,13
4ccd2a74-51b5-43df-8ed1-8ce23591fed1,2026-08-28 13:26:22.527000-05:00,2026-08-28,1,13
4ccd2a74-51b5-43df-8ed1-8ce23591fed1,2026-08-28 13:29:25.313000-05:00,2026-08-28,1,13
4ccd2a74-51b5-43df-8ed1-8ce23591fed1,2026-08-28 13:30:27.179000-05:00,2026-08-28,1,13
4ccd2a74-51b5-43df-8ed1-8ce23591fed1,2026-08-28 14:26:09.277000-05:00,2026-08-28,1,14
4ccd2a74-51b5-43df-8ed1-8ce23591fed1,2026-08-28 14:33:26.129000-05:00,2026-08-28,2,14
4ccd2a74-51b5-43df-8ed1-8ce23591fed1,2026-08-28 14:40:32.830000-05:00,2026-08-28,2,14
c3cb720f-47d8-42d6-a6b3-bc9ca04d9d88,2026-08-28 14:42:21.401000-05:00,2026-08-28,2,14
4ccd2a74-51b5-43df-8ed1-8ce23591fed1,2026-08-28 14:45:02.861000-05:00,2026-08-28,2,14
4ccd2a74-51b5-43df-8ed1-8ce23591fed1,2026-08-28 14:45:54.912000-05:00,2026-08-28,2,14
c3cb720f-47d8-42d6-a6b3-bc9ca04d9d88,2026-08-28 16:22:14.609000-05:00,2026-08-28,1,16
c3cb720f-47d8-42d6-a6b3-bc9ca04d9d88,2026-08-28 17:27:11.754000-05:00,2026-08-28,1,17
c3cb720f-47d8-42d6-a6b3-bc9ca04d9d88,2026-08-28 19:55:28.553000-05:00,2026-08-28,2,19
9640a3ec-e177-4878-97c6-d51a052a3c77,2026-08-28 19:56:34.641000-05:00,2026-08-28,2,19
9640a3ec-e177-4878-97c6-d51a052a3c77,2026-08-28 20:18:08.423000-05:00,2026-08-28,2,20
9640a3ec-e177-4878-97c6-d51a052a3c77,2026-08-28 20:22:10.326000-05:00,2026-08-28,2,20
c3cb720f-47d8-42d6-a6b3-bc9ca04d9d88,2026-08-28 20:22:32.291000-05:00,2026-08-28,2,20
9640a3ec-e177-4878-97c6-d51a052a3c77,2026-08-28 20:23:43.130000-05:00,2026-08-28,2,20
9640a3ec-e177-4878-97c6-d51a052a3c77,2026-08-28 20:28:01.553000-05:00,2026-08-28,2,20
9640a3ec-e177-4878-97c6-d51a052a3c77,2026-08-28 20:31:07.872000-05:00,2026-08-28,2,20
9640a3ec-e177-4878-97c6-d51a052a3c77,2026-08-28 20:33:02.946000-05:00,2026-08-28,2,20
9640a3ec-e177-4878-97c6-d51a052a3c77,2026-08-28 20:36:54.171000-05:00,2026-08-28,2,20
9640a3ec-e177-4878-97c6-d51a052a3c77,2026-08-28 20:41:02.148000-05:00,2026-08-28,1,20
9640a3ec-e177-4878-97c6-d51a052a3c77,2026-08-28 20:42:09.863000-05:00,2026-08-28,1,20
9640a3ec-e177-4878-97c6-d51a052a3c77,2026-08-28 20:47:16.905000-05:00,2026-08-28,1,20
4ccd2a74-51b5-43df-8ed1-8ce23591fed1,2026-08-29 13:24:46.837000-05:00,2026-08-29,1,13
4ccd2a74-51b5-43df-8ed1-8ce23591fed1,2026-08-29 13:30:21.766000-05:00,2026-08-29,1,13
4ccd2a74-51b5-43df-8ed1-8ce23591fed1,2026-08-29 14:25:05.423000-05:00,2026-08-29,1,14
4ccd2a74-51b5-43df-8ed1-8ce23591fed1,2026-08-29 14:45:35.462000-05:00,2026-08-29,1,14
c3cb720f-47d8-42d6-a6b3-bc9ca04d9d88,2026-08-29 15:17:17.591000-05:00,2026-08-29,2,15
c3cb720f-47d8-42d6-a6b3-bc9ca04d9d88,2026-08-29 15:18:14.859000-05:00,2026-08-29,2,15
c3cb720f-47d8-42d6-a6b3-bc9ca04d9d88,2026-08-29 15:21:48.738000-05:00,2026-08-29,2,15
c3cb720f-47d8-42d6-a6b3-bc9ca04d9d88,2026-08-29 15:22:15.634000-05:00,2026-08-29,2,15
4ccd2a74-51b5-43df-8ed1-8ce23591fed1,2026-08-29 15:23:39.652000-05:00,2026-08-29,2,15
c3cb720f-47d8-42d6-a6b3-bc9ca04d9d88,2026-08-29 15:24:22.051000-05:00,2026-08-29,2,15
c3cb720f-47d8-42d6-a6b3-bc9ca04d9d88,2026-08-29 15:30:46.872000-05:00,2026-08-29,2,15
c3cb720f-47d8-42d6-a6b3-bc9ca04d9d88,2026-08-29 15:38:45.204000-05:00,2026-08-29,1,15
c3cb720f-47d8-42d6-a6b3-bc9ca04d9d88,2026-08-29 15:44:12.411000-05:00,2026-08-29,1,15
c3cb720f-47d8-42d6-a6b3-bc9ca04d9d88,2026-08-29 15:45:57.006000-05:00,2026-08-29,1,15
4ccd2a74-51b5-43df-8ed1-8ce23591fed1,2026-08-29 16:07:28.523000-05:00,2026-08-29,2,16
c3cb720f-47d8-42d6-a6b3-bc9ca04d9d88,2026-08-29 16:08:19.572000-05:00,2026-08-29,2,16
c3cb720f-47d8-42d6-a6b3-bc9ca04d9d88,2026-08-29 16:21:27.327000-05:00,2026-08-29,4,16
05f2444a-7e7c-4a77-a487-eabc25c5ab90,2026-08-29 16:27:41.949000-05:00,2026-08-29,3,16
5691c4e2-7b6b-48b2-8424-149fb57330eb,2026-08-29 16:29:45.428000-05:00,2026-08-29,3,16
5691c4e2-7b6b-48b2-8424-149fb57330eb,2026-08-29 16:29:50.573000-05:00,2026-08-29,3,16
05f2444a-7e7c-4a77-a487-eabc25c5ab90,2026-08-29 16:40:34.608000-05:00,2026-08-29,2,16
5691c4e2-7b6b-48b2-8424-149fb57330eb,2026-08-29 16:43:17.822000-05:00,2026-08-29,2,16
05f2444a-7e7c-4a77-a487-eabc25c5ab90,2026-08-29 16:43:58.775000-05:00,2026-08-29,2,16
05f2444a-7e7c-4a77-a487-eabc25c5ab90,2026-08-29 16:45:42.521000-05:00,2026-08-29,2,16
5691c4e2-7b6b-48b2-8424-149fb57330eb,2026-08-29 16:53:14.988000-05:00,2026-08-29,3,16
05f2444a-7e7c-4a77-a487-eabc25c5ab90,2026-08-29 16:57:55.487000-05:00,2026-08-29,3,16
05f2444a-7e7c-4a77-a487-eabc25c5ab90,2026-08-29 16:59:48.969000-05:00,2026-08-29,3,16
05f2444a-7e7c-4a77-a487-eabc25c5ab90,2026-08-29 17:05:56.585000-05:00,2026-08-29,3,17
4280742b-b55a-4818-af60-8edaa9302c11,2026-08-29 17:07:03.981000-05:00,2026-08-29,3,17
05f2444a-7e7c-4a77-a487-eabc25c5ab90,2026-08-29 17:08:56.476000-05:00,2026-08-29,3,17
05f2444a-7e7c-4a77-a487-eabc25c5ab90,2026-08-29 17:09:27.323000-05:00,2026-08-29,3,17
4280742b-b55a-4818-af60-8edaa9302c11,2026-08-29 17:10:12.031000-05:00,2026-08-29,3,17
4280742b-b55a-4818-af60-8edaa9302c11,2026-08-29 17:15:33.780000-05:00,2026-08-29,3,17
5691c4e2-7b6b-48b2-8424-149fb57330eb,2026-08-29 17:16:57.208000-05:00,2026-08-29,3,17
05f2444a-7e7c-4a77-a487-eabc25c5ab90,2026-08-29 17:17:57.302000-05:00,2026-08-29,3,17
4280742b-b55a-4818-af60-8edaa9302c11,2026-08-29 17:20:01.958000-05:00,2026-08-29,3,17
4280742b-b55a-4818-af60-8edaa9302c11,2026-08-29 17:20:59.765000-05:00,2026-08-29,3,17
4280742b-b55a-4818-af60-8edaa9302c11,2026-08-29 17:27:49.511000-05:00,2026-08-29,3,17
05f2444a-7e7c-4a77-a487-eabc25c5ab90,2026-08-29 17:28:15.298000-05:00,2026-08-29,3,17
05f2444a-7e7c-4a77-a487-eabc25c5ab90,2026-08-29 17:34:49.994000-05:00,2026-08-29,3,17
5691c4e2-7b6b-48b2-8424-149fb57330eb,2026-08-29 17:35:17.616000-05:00,2026-08-29,3,17
4280742b-b55a-4818-af60-8edaa9302c11,2026-08-29 17:35:30.476000-05:00,2026-08-29,3,17
05f2444a-7e7c-4a77-a487-eabc25c5ab90,2026-08-29 17:37:48.231000-05:00,2026-08-29,3,17
05f2444a-7e7c-4a77-a487-eabc25c5ab90,2026-08-29 18:22:48.508000-05:00,2026-08-29,1,18
05f2444a-7e7c-4a77-a487-eabc25c5ab90,2026-08-29 18:27:41.991000-05:00,2026-08-29,1,18
05f2444a-7e7c-4a77-a487-eabc25c5ab90,2026-08-29 19:12:02.822000-05:00,2026-08-29,2,19
5691c4e2-7b6b-48b2-8424-149fb57330eb,2026-08-29 19:14:27.422000-05:00,2026-08-29,2,19
5691c4e2-7b6b-48b2-8424-149fb57330eb,2026-08-29 19:16:36.677000-05:00,2026-08-29,2,19
05f2444a-7e7c-4a77-a487-eabc25c5ab90,2026-08-29 19:20:13.569000-05:00,2026-08-29,2,19
5691c4e2-7b6b-48b2-8424-149fb57330eb,2026-08-29 19:21:40.817000-05:00,2026-08-29,2,19
05f2444a-7e7c-4a77-a487-eabc25c5ab90,2026-08-29 19:29:01.192000-05:00,2026-08-29,2,19
5691c4e2-7b6b-48b2-8424-149fb57330eb,2026-08-29 19:30:10.238000-05:00,2026-08-29,2,19
05f2444a-7e7c-4a77-a487-eabc25c5ab90,2026-08-29 19:32:04.372000-05:00,2026-08-29,2,19
5691c4e2-7b6b-48b2-8424-149fb57330eb,2026-08-29 19:32:28.964000-05:00,2026-08-29,2,19
5691c4e2-7b6b-48b2-8424-149fb57330eb,2026-08-29 19:33:24.723000-05:00,2026-08-29,2,19
5691c4e2-7b6b-48b2-8424-149fb57330eb,2026-08-29 19:34:02.663000-05:00,2026-08-29,2,19
5691c4e2-7b6b-48b2-8424-149fb57330eb,2026-08-29 19:35:35.275000-05:00,2026-08-29,2,19
05f2444a-7e7c-4a77-a487-eabc25c5ab90,2026-08-29 19:36:55.671000-05:00,2026-08-29,2,19
5691c4e2-7b6b-48b2-8424-149fb57330eb,2026-08-29 19:37:47.648000-05:00,2026-08-29,2,19
5691c4e2-7b6b-48b2-8424-149fb57330eb,2026-08-29 19:38:26.411000-05:00,2026-08-29,2,19
5691c4e2-7b6b-48b2-8424-149fb57330eb,2026-08-29 19:42:12.543000-05:00,2026-08-29,2,19
5691c4e2-7b6b-48b2-8424-149fb57330eb,2026-08-29 19:48:06.562000-05:00,2026-08-29,2,19
5691c4e2-7b6b-48b2-8424-149fb57330eb,2026-08-29 19:49:46.285000-05:00,2026-08-29,2,19
5691c4e2-7b6b-48b2-8424-149fb57330eb,2026-08-29 19:54:01.980000-05:00,2026-08-29,2,19
5691c4e2-7b6b-48b2-8424-149fb57330eb,2026-08-29 19:57:02.303000-05:00,2026-08-29,2,19
05f2444a-7e7c-4a77-a487-eabc25c5ab90,2026-08-29 19:59:35.673000-05:00,2026-08-29,2,19
5691c4e2-7b6b-48b2-8424-149fb57330eb,2026-08-29 20:00:07.727000-05:00,2026-08-29,2,20
05f2444a-7e7c-4a77-a487-eabc25c5ab90,2026-08-29 20:01:06.429000-05:00,2026-08-29,2,20
05f2444a-7e7c-4a77-a487-eabc25c5ab90,2026-08-29 20:10:43.077000-05:00,2026-08-29,2,20
05f2444a-7e7c-4a77-a487-eabc25c5ab90,2026-08-29 20:11:34.172000-05:00,2026-08-29,2,20
05f2444a-7e7c-4a77-a487-eabc25c5ab90,2026-08-29 20:19:03.938000-05:00,2026-08-29,1,20
d465c878-a721-48df-8a36-deda32b6d41d,2026-08-29 20:55:45.424000-05:00,2026-08-29,2,20
6718683c-5add-4dda-a86e-fc0859897c05,2026-08-29 20:56:37.279000-05:00,2026-08-29,3,20
d465c878-a721-48df-8a36-deda32b6d41d,2026-08-29 20:57:03.142000-05:00,2026-08-29,3,20
6718683c-5add-4dda-a86e-fc0859897c05,2026-08-29 20:57:31.018000-05:00,2026-08-29,3,20
52102dcf-bb16-433e-919e-6e2e720b1188,2026-08-29 21:11:15.972000-05:00,2026-08-29,3,21
52102dcf-bb16-433e-919e-6e2e720b1188,2026-08-29 21:14:47.533000-05:00,2026-08-29,2,21
52102dcf-bb16-433e-919e-6e2e720b1188,2026-08-29 21:18:21.760000-05:00,2026-08-29,2,21
52102dcf-bb16-433e-919e-6e2e720b1188,2026-08-29 21:25:09.790000-05:00,2026-08-29,2,21
48da1ae3-9883-4880-adaf-1441d96aecd0,2026-08-29 21:29:05.676000-05:00,2026-08-29,2,21
52102dcf-bb16-433e-919e-6e2e720b1188,2026-08-29 21:29:51.925000-05:00,2026-08-29,2,21
52102dcf-bb16-433e-919e-6e2e720b1188,2026-08-29 21:34:30.925000-05:00,2026-08-29,2,21
52102dcf-bb16-433e-919e-6e2e720b1188,2026-08-29 21:36:45.154000-05:00,2026-08-29,2,21
48da1ae3-9883-4880-adaf-1441d96aecd0,2026-08-29 21:37:04.065000-05:00,2026-08-29,2,21
52102dcf-bb16-433e-919e-6e2e720b1188,2026-08-29 21:37:53.545000-05:00,2026-08-29,2,21
52102dcf-bb16-433e-919e-6e2e720b1188,2026-08-29 21:40:10.681000-05:00,2026-08-29,2,21
48da1ae3-9883-4880-adaf-1441d96aecd0,2026-08-29 21:43:59.483000-05:00,2026-08-29,2,21
48da1ae3-9883-4880-adaf-1441d96aecd0,2026-08-29 21:53:32.656000-05:00,2026-08-29,2,21
48da1ae3-9883-4880-adaf-1441d96aecd0,2026-08-29 22:05:34.372000-05:00,2026-08-29,1,22
48da1ae3-9883-4880-adaf-1441d96aecd0,2026-08-29 22:11:55.775000-05:00,2026-08-29,1,22
51ad467a-a63f-4e2b-9ea2-6b4f26e78ed4,2026-08-30 15:17:09.304000-05:00,2026-08-30,1,15
51234d82-21f5-4171-9c6b-5ff4ce4c044d,2026-08-30 16:02:17.836000-05:00,2026-08-30,2,16
07683b40-0af2-4675-86a0-f7c10b788cb8,2026-08-30 16:03:00.650000-05:00,2026-08-30,2,16
07683b40-0af2-4675-86a0-f7c10b788cb8,2026-08-30 16:08:07.961000-05:00,2026-08-30,3,16
07683b40-0af2-4675-86a0-f7c10b788cb8,2026-08-30 16:09:38.500000-05:00,2026-08-30,3,16
07683b40-0af2-4675-86a0-f7c10b788cb8,2026-08-30 16:16:18.942000-05:00,2026-08-30,3,16
07683b40-0af2-4675-86a0-f7c10b788cb8,2026-08-30 16:16:46.762000-05:00,2026-08-30,3,16
07683b40-0af2-4675-86a0-f7c10b788cb8,2026-08-30 16:18:49.878000-05:00,2026-08-30,2,16
8419a930-08a5-44c3-a8e3-513db20c1e38,2026-08-30 16:22:45.704000-05:00,2026-08-30,2,16
07683b40-0af2-4675-86a0-f7c10b788cb8,2026-08-30 16:26:41.973000-05:00,2026-08-30,2,16
07683b40-0af2-4675-86a0-f7c10b788cb8,2026-08-30 16:29:20.263000-05:00,2026-08-30,2,16
07683b40-0af2-4675-86a0-f7c10b788cb8,2026-08-30 16:31:32.004000-05:00,2026-08-30,2,16
07683b40-0af2-4675-86a0-f7c10b788cb8,2026-08-30 16:36:15.325000-05:00,2026-08-30,2,16
07683b40-0af2-4675-86a0-f7c10b788cb8,2026-08-30 16:38:58.118000-05:00,2026-08-30,2,16
07683b40-0af2-4675-86a0-f7c10b788cb8,2026-08-30 16:39:32.879000-05:00,2026-08-30,2,16
07683b40-0af2-4675-86a0-f7c10b788cb8,2026-08-30 16:41:03.594000-05:00,2026-08-30,2,16
07683b40-0af2-4675-86a0-f7c10b788cb8,2026-08-30 16:42:43.210000-05:00,2026-08-30,2,16
8419a930-08a5-44c3-a8e3-513db20c1e38,2026-08-30 16:43:02.384000-05:00,2026-08-30,2,16
8419a930-08a5-44c3-a8e3-513db20c1e38,2026-08-30 16:43:50.829000-05:00,2026-08-30,2,16
07683b40-0af2-4675-86a0-f7c10b788cb8,2026-08-30 16:45:03.517000-05:00,2026-08-30,2,16
07683b40-0af2-4675-86a0-f7c10b788cb8,2026-08-30 16:50:59.851000-05:00,2026-08-30,3,16
07683b40-0af2-4675-86a0-f7c10b788cb8,2026-08-30 16:56:05.709000-05:00,2026-08-30,3,16
07683b40-0af2-4675-86a0-f7c10b788cb8,2026-08-30 16:56:30.942000-05:00,2026-08-30,3,16
07683b40-0af2-4675-86a0-f7c10b788cb8,2026-08-30 16:57:23.520000-05:00,2026-08-30,3,16
07683b40-0af2-4675-86a0-f7c10b788cb8,2026-08-30 16:58:32.664000-05:00,2026-08-30,3,16
07683b40-0af2-4675-86a0-f7c10b788cb8,2026-08-30 16:58:55.481000-05:00,2026-08-30,3,16
07683b40-0af2-4675-86a0-f7c10b788cb8,2026-08-30 16:59:43.911000-05:00,2026-08-30,3,16
07683b40-0af2-4675-86a0-f7c10b788cb8,2026-08-30 17:00:36.914000-05:00,2026-08-30,3,17
8419a930-08a5-44c3-a8e3-513db20c1e38,2026-08-30 17:01:33.890000-05:00,2026-08-30,3,17
79a72a03-1754-4b2e-bd52-7e7947472669,2026-08-30 17:05:01.240000-05:00,2026-08-30,3,17
79a72a03-1754-4b2e-bd52-7e7947472669,2026-08-30 17:07:41.983000-05:00,2026-08-30,3,17
79a72a03-1754-4b2e-bd52-7e7947472669,2026-08-30 17:23:37.579000-05:00,2026-08-30,1,17
79a72a03-1754-4b2e-bd52-7e7947472669,2026-08-30 18:00:00.809000-05:00,2026-08-30,1,18
79a72a03-1754-4b2e-bd52-7e7947472669,2026-08-30 18:00:35.307000-05:00,2026-08-30,1,18
79a72a03-1754-4b2e-bd52-7e7947472669,2026-08-30 18:34:45.690000-05:00,2026-08-30,1,18
b2214192-861c-4c6a-9b21-77203da92657,2026-08-30 19:53:08.315000-05:00,2026-08-30,1,19
b2214192-861c-4c6a-9b21-77203da92657,2026-08-30 19:56:28.612000-05:00,2026-08-30,1,19
b2214192-861c-4c6a-9b21-77203da92657,2026-08-30 19:56:55.375000-05:00,2026-08-30,1,19
b93542fc-5c5b-457b-8001-134fe8f1f697,2026-08-30 20:59:37.395000-05:00,2026-08-30,2,20
b93542fc-5c5b-457b-8001-134fe8f1f697,2026-08-30 21:00:24.041000-05:00,2026-08-30,2,21
b93542fc-5c5b-457b-8001-134fe8f1f697,2026-08-30 21:03:26.759000-05:00,2026-08-30,2,21
b2214192-861c-4c6a-9b21-77203da92657,2026-08-30 21:03:48.967000-05:00,2026-08-30,2,21
b93542fc-5c5b-457b-8001-134fe8f1f697,2026-08-30 21:09:54.399000-05:00,2026-08-30,2,21
b93542fc-5c5b-457b-8001-134fe8f1f697,2026-08-30 21:13:43.866000-05:00,2026-08-30,2,21
b93542fc-5c5b-457b-8001-134fe8f1f697,2026-08-30 21:18:04.487000-05:00,2026-08-30,2,21
b93542fc-5c5b-457b-8001-134fe8f1f697,2026-08-30 21:21:38.651000-05:00,2026-08-30,1,21
b93542fc-5c5b-457b-8001-134fe8f1f697,2026-08-30 21:23:11.259000-05:00,2026-08-30,2,21
02080791-00e0-4a25-87c3-d77440e0f0f7,2026-08-30 21:37:09.773000-05:00,2026-08-30,3,21
02080791-00e0-4a25-87c3-d77440e0f0f7,2026-08-30 21:37:49.004000-05:00,2026-08-30,3,21
02080791-00e0-4a25-87c3-d77440e0f0f7,2026-08-30 21:38:32.414000-05:00,2026-08-30,2,21
02080791-00e0-4a25-87c3-d77440e0f0f7,2026-08-30 21:48:10.717000-05:00,2026-08-30,2,21
7816a25f-2f9b-416e-a747-25b7cac54bc3,2026-08-30 21:48:46.131000-05:00,2026-08-30,2,21
7816a25f-2f9b-416e-a747-25b7cac54bc3,2026-08-30 21:51:59.221000-05:00,2026-08-30,2,21
02080791-00e0-4a25-87c3-d77440e0f0f7,2026-08-30 21:53:39.429000-05:00,2026-08-30,2,21
02080791-00e0-4a25-87c3-d77440e0f0f7,2026-08-30 21:57:00.525000-05:00,2026-08-30,2,21
7816a25f-2f9b-416e-a747-25b7cac54bc3,2026-08-30 21:58:11.274000-05:00,2026-08-30,2,21
02080791-00e0-4a25-87c3-d77440e0f0f7,2026-08-30 21:59:45.134000-05:00,2026-08-30,2,21
7816a25f-2f9b-416e-a747-25b7cac54bc3,2026-08-30 22:10:35.874000-05:00,2026-08-30,2,22
79a72a03-1754-4b2e-bd52-7e7947472669,2026-08-30 22:31:56.770000-05:00,2026-08-30,1,22
79a72a03-1754-4b2e-bd52-7e7947472669,2026-08-31 06:40:22.951000-05:00,2026-08-31,1,6
79a72a03-1754-4b2e-bd52-7e7947472669,2026-08-31 06:55:00.313000-05:00,2026-08-31,1,6
9f0e25e6-1eb8-46db-b646-e88878967aa9,2026-08-31 08:29:19.828000-05:00,2026-08-31,2,8
91fe8663-3ac2-45cc-b710-6308072c90be,2026-08-31 08:32:30.174000-05:00,2026-08-31,2,8
b38d581f-1fae-4539-bafc-2c8d6dc545ab,2026-08-31 08:51:42.517000-05:00,2026-08-31,3,8
b38d581f-1fae-4539-bafc-2c8d6dc545ab,2026-08-31 08:54:50.407000-05:00,2026-08-31,3,8
03abf7d8-c9fe-4f35-b622-1ca15af4ad2c,2026-08-31 08:57:49.908000-05:00,2026-08-31,3,8
91fe8663-3ac2-45cc-b710-6308072c90be,2026-08-31 09:02:25.825000-05:00,2026-08-31,4,9
b38d581f-1fae-4539-bafc-2c8d6dc545ab,2026-08-31 09:04:34.761000-05:00,2026-08-31,4,9
91fe8663-3ac2-45cc-b710-6308072c90be,2026-08-31 09:12:31.182000-05:00,2026-08-31,4,9
79a72a03-1754-4b2e-bd52-7e7947472669,2026-08-31 09:14:25.895000-05:00,2026-08-31,3,9
codex-01a05879-055,2026-08-31 10:39:00.853000-05:00,2026-08-31,1,10
codex-01a05879-055,2026-08-31 10:43:11.211000-05:00,2026-08-31,1,10
codex-01a05879-055,2026-08-31 10:43:53.169000-05:00,2026-08-31,1,10
codex-01a05879-055,2026-08-31 10:56:18.123000-05:00,2026-08-31,1,10
codex-01a05879-055,2026-08-31 10:59:42.895000-05:00,2026-08-31,1,10
codex-01a05879-055,2026-08-31 11:02:26.641000-05:00,2026-08-31,1,11
codex-01a05879-055,2026-08-31 11:23:26.203000-05:00,2026-08-31,1,11
codex-01a05879-055,2026-08-31 11:35:52.021000-05:00,2026-08-31,3,11
codex-01a05879-055,2026-08-31 11:38:06.073000-05:00,2026-08-31,3,11
03abf7d8-c9fe-4f35-b622-1ca15af4ad2c,2026-08-31 11:38:51.912000-05:00,2026-08-31,3,11
c10f36b9-ee5c-4964-a3dc-953fbce3993e,2026-08-31 11:43:40.418000-05:00,2026-08-31,3,11
codex-01a05879-055,2026-08-31 11:44:29.808000-05:00,2026-08-31,3,11
codex-01a05879-055,2026-08-31 11:48:23.527000-05:00,2026-08-31,3,11
codex-01a05879-055,2026-08-31 11:49:51.181000-05:00,2026-08-31,3,11
codex-01a05879-055,2026-08-31 11:50:40.044000-05:00,2026-08-31,3,11
codex-01a05879-055,2026-08-31 11:53:50.579000-05:00,2026-08-31,3,11
c10f36b9-ee5c-4964-a3dc-953fbce3993e,2026-08-31 11:54:27.108000-05:00,2026-08-31,2,11
codex-01a05879-055,2026-08-31 11:59:27.663000-05:00,2026-08-31,2,11
c10f36b9-ee5c-4964-a3dc-953fbce3993e,2026-08-31 12:01:31.336000-05:00,2026-08-31,2,12
codex-01a05879-055,2026-08-31 12:02:04.244000-05:00,2026-08-31,2,12
c10f36b9-ee5c-4964-a3dc-953fbce3993e,2026-08-31 12:02:21.544000-05:00,2026-08-31,2,12
c10f36b9-ee5c-4964-a3dc-953fbce3993e,2026-08-31 12:03:06.706000-05:00,2026-08-31,2,12
c10f36b9-ee5c-4964-a3dc-953fbce3993e,2026-08-31 12:03:30.907000-05:00,2026-08-31,2,12
7ad3ba06-8629-42d7-a527-5b747e7777b2,2026-08-31 12:42:20.312000-05:00,2026-08-31,1,12
7ad3ba06-8629-42d7-a527-5b747e7777b2,2026-08-31 12:47:55.696000-05:00,2026-08-31,1,12
c10f36b9-ee5c-4964-a3dc-953fbce3993e,2026-08-31 13:50:02.017000-05:00,2026-08-31,2,13
7ad3ba06-8629-42d7-a527-5b747e7777b2,2026-08-31 13:52:22.058000-05:00,2026-08-31,2,13
c10f36b9-ee5c-4964-a3dc-953fbce3993e,2026-08-31 13:54:15.207000-05:00,2026-08-31,2,13
c10f36b9-ee5c-4964-a3dc-953fbce3993e,2026-08-31 13:54:17.448000-05:00,2026-08-31,2,13
c10f36b9-ee5c-4964-a3dc-953fbce3993e,2026-08-31 13:55:29.367000-05:00,2026-08-31,2,13
7ad3ba06-8629-42d7-a527-5b747e7777b2,2026-08-31 16:29:01.886000-05:00,2026-08-31,1,16
7ad3ba06-8629-42d7-a527-5b747e7777b2,2026-08-31 16:32:10.842000-05:00,2026-08-31,1,16
7ad3ba06-8629-42d7-a527-5b747e7777b2,2026-08-31 16:35:00.838000-05:00,2026-08-31,2,16
7ad3ba06-8629-42d7-a527-5b747e7777b2,2026-08-31 16:38:28.411000-05:00,2026-08-31,3,16
7ad3ba06-8629-42d7-a527-5b747e7777b2,2026-08-31 16:42:45.960000-05:00,2026-08-31,4,16
7ad3ba06-8629-42d7-a527-5b747e7777b2,2026-08-31 16:45:10.362000-05:00,2026-08-31,4,16
7ad3ba06-8629-42d7-a527-5b747e7777b2,2026-08-31 16:48:35.538000-05:00,2026-08-31,4,16
b38d581f-1fae-4539-bafc-2c8d6dc545ab,2026-08-31 16:49:18.130000-05:00,2026-08-31,4,16
b38d581f-1fae-4539-bafc-2c8d6dc545ab,2026-08-31 16:50:27.548000-05:00,2026-08-31,4,16
b38d581f-1fae-4539-bafc-2c8d6dc545ab,2026-08-31 16:51:02.615000-05:00,2026-08-31,4,16
91fe8663-3ac2-45cc-b710-6308072c90be,2026-08-31 16:51:09.977000-05:00,2026-08-31,4,16
b38d581f-1fae-4539-bafc-2c8d6dc545ab,2026-08-31 16:52:35.697000-05:00,2026-08-31,4,16
7ad3ba06-8629-42d7-a527-5b747e7777b2,2026-08-31 16:54:51.907000-05:00,2026-08-31,4,16
cc0c3375-358e-463b-b7c9-4df48d658b04,2026-08-31 16:55:53.709000-05:00,2026-08-31,4,16
7ad3ba06-8629-42d7-a527-5b747e7777b2,2026-08-31 17:00:11.629000-05:00,2026-08-31,4,17
7ad3ba06-8629-42d7-a527-5b747e7777b2,2026-08-31 17:05:03.550000-05:00,2026-08-31,4,17
79a72a03-1754-4b2e-bd52-7e7947472669,2026-08-31 17:21:22.998000-05:00,2026-08-31,2,17
cc0c3375-358e-463b-b7c9-4df48d658b04,2026-08-31 17:32:15.144000-05:00,2026-08-31,2,17
cc0c3375-358e-463b-b7c9-4df48d658b04,2026-08-31 17:33:38.348000-05:00,2026-08-31,2,17
cc0c3375-358e-463b-b7c9-4df48d658b04,2026-08-31 17:35:38.470000-05:00,2026-08-31,2,17
cc0c3375-358e-463b-b7c9-4df48d658b04,2026-08-31 17:37:09.078000-05:00,2026-08-31,1,17
cc0c3375-358e-463b-b7c9-4df48d658b04,2026-08-31 17:38:38.902000-05:00,2026-08-31,1,17
cc0c3375-358e-463b-b7c9-4df48d658b04,2026-08-31 17:40:26.111000-05:00,2026-08-31,1,17
394177ed-a65e-4d92-823c-79af7a5f59d6,2026-08-31 19:15:48.884000-05:00,2026-08-31,1,19
394177ed-a65e-4d92-823c-79af7a5f59d6,2026-08-31 19:18:16.234000-05:00,2026-08-31,1,19
394177ed-a65e-4d92-823c-79af7a5f59d6,2026-08-31 19:20:18.833000-05:00,2026-08-31,1,19
394177ed-a65e-4d92-823c-79af7a5f59d6,2026-08-31 19:22:06.027000-05:00,2026-08-31,1,19
394177ed-a65e-4d92-823c-79af7a5f59d6,2026-08-31 19:24:32.473000-05:00,2026-08-31,1,19
394177ed-a65e-4d92-823c-79af7a5f59d6,2026-08-31 19:24:44.610000-05:00,2026-08-31,1,19
cc0c3375-358e-463b-b7c9-4df48d658b04,2026-08-31 20:08:00.527000-05:00,2026-08-31,1,20
cc0c3375-358e-463b-b7c9-4df48d658b04,2026-08-31 20:09:35.782000-05:00,2026-08-31,1,20
cc0c3375-358e-463b-b7c9-4df48d658b04,2026-08-31 20:44:38.042000-05:00,2026-08-31,3,20
7b882acc-96d3-490b-958c-c06e86c304b4,2026-08-31 20:47:50.414000-05:00,2026-08-31,3,20
91fe8663-3ac2-45cc-b710-6308072c90be,2026-08-31 20:48:51.489000-05:00,2026-08-31,3,20
7b882acc-96d3-490b-958c-c06e86c304b4,2026-08-31 20:49:34.835000-05:00,2026-08-31,3,20
7b882acc-96d3-490b-958c-c06e86c304b4,2026-08-31 20:50:33.006000-05:00,2026-08-31,3,20
cc0c3375-358e-463b-b7c9-4df48d658b04,2026-08-31 20:55:18.217000-05:00,2026-08-31,3,20
7b882acc-96d3-490b-958c-c06e86c304b4,2026-08-31 20:57:02.904000-05:00,2026-08-31,3,20
cc0c3375-358e-463b-b7c9-4df48d658b04,2026-08-31 21:00:23.857000-05:00,2026-08-31,3,21
cc0c3375-358e-463b-b7c9-4df48d658b04,2026-08-31 21:02:43.705000-05:00,2026-08-31,3,21
91fe8663-3ac2-45cc-b710-6308072c90be,2026-08-31 21:04:33.224000-05:00,2026-08-31,3,21
6d17870c-212b-4dec-90b0-bdd3c6640c10,2026-09-01 11:30:37.527000-05:00,2026-09-01,3,11
ef2c3bd0-aea0-4c21-995f-530ed7c7f70d,2026-09-01 11:32:52.620000-05:00,2026-09-01,4,11
8bdca5f6-ce21-4b2a-999f-db19d5d74dca,2026-09-01 11:40:49.217000-05:00,2026-09-01,4,11
8bdca5f6-ce21-4b2a-999f-db19d5d74dca,2026-09-01 11:44:00.981000-05:00,2026-09-01,4,11
7b882acc-96d3-490b-958c-c06e86c304b4,2026-09-01 11:46:05.379000-05:00,2026-09-01,3,11
4cc58055-946b-4b49-a0f8-c6987b0e8c7e,2026-09-01 12:29:18.817000-05:00,2026-09-01,2,12
4cc58055-946b-4b49-a0f8-c6987b0e8c7e,2026-09-01 12:33:46.302000-05:00,2026-09-01,2,12
ac8f9c6e-1134-408c-9984-7f96862ef62f,2026-09-01 12:35:32.350000-05:00,2026-09-01,2,12
ac8f9c6e-1134-408c-9984-7f96862ef62f,2026-09-01 12:48:57.122000-05:00,2026-09-01,1,12
ac8f9c6e-1134-408c-9984-7f96862ef62f,2026-09-01 12:57:22.579000-05:00,2026-09-01,2,12
a6c4b81e-d461-4a0a-8c84-6fe73214bc5c,2026-09-01 13:04:01.382000-05:00,2026-09-01,2,13
a6c4b81e-d461-4a0a-8c84-6fe73214bc5c,2026-09-01 13:12:30.907000-05:00,2026-09-01,1,13
ac8f9c6e-1134-408c-9984-7f96862ef62f,2026-09-01 13:48:43.322000-05:00,2026-09-01,1,13
ac8f9c6e-1134-408c-9984-7f96862ef62f,2026-09-01 13:52:23.058000-05:00,2026-09-01,1,13
ac8f9c6e-1134-408c-9984-7f96862ef62f,2026-09-01 14:30:03.367000-05:00,2026-09-01,1,14
ac8f9c6e-1134-408c-9984-7f96862ef62f,2026-09-01 14:34:30.413000-05:00,2026-09-01,1,14
ac8f9c6e-1134-408c-9984-7f96862ef62f,2026-09-01 14:40:20.193000-05:00,2026-09-01,1,14
ac8f9c6e-1134-408c-9984-7f96862ef62f,2026-09-01 14:41:19.541000-05:00,2026-09-01,1,14
ac8f9c6e-1134-408c-9984-7f96862ef62f,2026-09-01 14:44:41.064000-05:00,2026-09-01,1,14
ac8f9c6e-1134-408c-9984-7f96862ef62f,2026-09-01 14:53:03.139000-05:00,2026-09-01,1,14
ac8f9c6e-1134-408c-9984-7f96862ef62f,2026-09-01 14:58:29.877000-05:00,2026-09-01,1,14
ac8f9c6e-1134-408c-9984-7f96862ef62f,2026-09-01 15:03:31.354000-05:00,2026-09-01,1,15
ac8f9c6e-1134-408c-9984-7f96862ef62f,2026-09-01 15:05:11.841000-05:00,2026-09-01,1,15
ac8f9c6e-1134-408c-9984-7f96862ef62f,2026-09-01 15:06:29.280000-05:00,2026-09-01,1,15
ac8f9c6e-1134-408c-9984-7f96862ef62f,2026-09-01 15:09:12.193000-05:00,2026-09-01,1,15
ac8f9c6e-1134-408c-9984-7f96862ef62f,2026-09-01 15:12:48.833000-05:00,2026-09-01,1,15
ac8f9c6e-1134-408c-9984-7f96862ef62f,2026-09-01 15:12:53.569000-05:00,2026-09-01,1,15
ac8f9c6e-1134-408c-9984-7f96862ef62f,2026-09-01 15:14:53.005000-05:00,2026-09-01,1,15
ac8f9c6e-1134-408c-9984-7f96862ef62f,2026-09-01 15:18:14.414000-05:00,2026-09-01,1,15
ac8f9c6e-1134-408c-9984-7f96862ef62f,2026-09-01 15:24:26.515000-05:00,2026-09-01,1,15
ac8f9c6e-1134-408c-9984-7f96862ef62f,2026-09-01 15:26:27.892000-05:00,2026-09-01,1,15
ac8f9c6e-1134-408c-9984-7f96862ef62f,2026-09-01 15:31:49.107000-05:00,2026-09-01,1,15
ac8f9c6e-1134-408c-9984-7f96862ef62f,2026-09-01 15:36:24.025000-05:00,2026-09-01,1,15
7370c3cf-c148-4731-b10a-dc2d74fd8d6b,2026-09-01 16:23:59.697000-05:00,2026-09-01,1,16
codex-01a05ef5-a6f,2026-09-01 16:53:15.086000-05:00,2026-09-01,1,16
codex-01a05ef5-a6f,2026-09-01 16:53:23.875000-05:00,2026-09-01,1,16
codex-01a05ef5-a6f,2026-09-01 16:55:35.022000-05:00,2026-09-01,1,16
codex-01a05ef5-a6f,2026-09-01 16:57:06.880000-05:00,2026-09-01,1,16
codex-01a05ef5-a6f,2026-09-01 17:02:49.730000-05:00,2026-09-01,1,17
codex-01a05ef5-a6f,2026-09-01 17:13:16.214000-05:00,2026-09-01,1,17
codex-01a05ef5-a6f,2026-09-01 17:14:32.033000-05:00,2026-09-01,1,17
codex-01a05ef5-a6f,2026-09-01 17:27:30.378000-05:00,2026-09-01,1,17
codex-01a05ef5-a6f,2026-09-01 17:29:05.768000-05:00,2026-09-01,1,17
codex-01a05ef5-a6f,2026-09-01 17:33:34.500000-05:00,2026-09-01,1,17
codex-01a05ef5-a6f,2026-09-01 17:38:39.071000-05:00,2026-09-01,2,17
codex-01a05ef5-a6f,2026-09-01 17:39:04.739000-05:00,2026-09-01,2,17
codex-01a05ef5-a6f,2026-09-01 17:41:59.496000-05:00,2026-09-01,3,17
codex-01a05ef5-a6f,2026-09-01 17:42:25.769000-05:00,2026-09-01,3,17
20bb3615-cd95-4baf-b3fd-70599361a2df,2026-09-01 17:50:55.247000-05:00,2026-09-01,4,17
20bb3615-cd95-4baf-b3fd-70599361a2df,2026-09-01 17:52:24.967000-05:00,2026-09-01,4,17
20bb3615-cd95-4baf-b3fd-70599361a2df,2026-09-01 17:55:02.988000-05:00,2026-09-01,4,17
20bb3615-cd95-4baf-b3fd-70599361a2df,2026-09-01 17:55:46.069000-05:00,2026-09-01,4,17
7370c3cf-c148-4731-b10a-dc2d74fd8d6b,2026-09-01 17:56:13.996000-05:00,2026-09-01,4,17
codex-01a05ef5-a6f,2026-09-01 17:56:27.233000-05:00,2026-09-01,4,17
codex-01a05ef5-a6f,2026-09-01 18:00:40.748000-05:00,2026-09-01,4,18
41894c85-32bb-426b-8ebf-782e52f82055,2026-09-01 18:04:24.782000-05:00,2026-09-01,4,18
41894c85-32bb-426b-8ebf-782e52f82055,2026-09-01 19:02:15.212000-05:00,2026-09-01,5,19
8cd4fd98-f7d5-4b18-8b04-28eedcd99cf3,2026-09-01 19:04:12.022000-05:00,2026-09-01,6,19
66a2b562-84d7-40d1-8afd-68265b9142fa,2026-09-01 19:06:23.719000-05:00,2026-09-01,6,19
7370c3cf-c148-4731-b10a-dc2d74fd8d6b,2026-09-01 19:06:42.666000-05:00,2026-09-01,6,19
20bb3615-cd95-4baf-b3fd-70599361a2df,2026-09-01 19:07:39.453000-05:00,2026-09-01,6,19
20bb3615-cd95-4baf-b3fd-70599361a2df,2026-09-01 19:13:59.480000-05:00,2026-09-01,6,19
7370c3cf-c148-4731-b10a-dc2d74fd8d6b,2026-09-01 19:15:13.264000-05:00,2026-09-01,6,19
41894c85-32bb-426b-8ebf-782e52f82055,2026-09-01 19:17:08.391000-05:00,2026-09-01,6,19
20bb3615-cd95-4baf-b3fd-70599361a2df,2026-09-01 19:17:46.758000-05:00,2026-09-01,6,19
91fe8663-3ac2-45cc-b710-6308072c90be,2026-09-01 19:18:50.535000-05:00,2026-09-01,6,19
20bb3615-cd95-4baf-b3fd-70599361a2df,2026-09-01 19:20:33.878000-05:00,2026-09-01,5,19
41894c85-32bb-426b-8ebf-782e52f82055,2026-09-01 19:22:23.878000-05:00,2026-09-01,4,19
7370c3cf-c148-4731-b10a-dc2d74fd8d6b,2026-09-01 19:24:06.593000-05:00,2026-09-01,4,19
20bb3615-cd95-4baf-b3fd-70599361a2df,2026-09-01 19:24:45.924000-05:00,2026-09-01,4,19
7370c3cf-c148-4731-b10a-dc2d74fd8d6b,2026-09-01 19:27:16.822000-05:00,2026-09-01,4,19
7370c3cf-c148-4731-b10a-dc2d74fd8d6b,2026-09-01 19:29:52.380000-05:00,2026-09-01,4,19
91fe8663-3ac2-45cc-b710-6308072c90be,2026-09-01 20:43:29.536000-05:00,2026-09-01,2,20
91fe8663-3ac2-45cc-b710-6308072c90be,2026-09-01 20:45:15.213000-05:00,2026-09-01,3,20
662906a1-7a04-49cd-8910-71217c0877a5,2026-09-01 20:50:21.474000-05:00,2026-09-01,3,20
662906a1-7a04-49cd-8910-71217c0877a5,2026-09-01 20:50:48.530000-05:00,2026-09-01,3,20
662906a1-7a04-49cd-8910-71217c0877a5,2026-09-01 20:52:35.882000-05:00,2026-09-01,3,20
ecd48e90-093c-44bc-a8fe-7ad14296a929,2026-09-01 20:58:44.216000-05:00,2026-09-01,3,20
ecd48e90-093c-44bc-a8fe-7ad14296a929,2026-09-01 21:01:07.722000-05:00,2026-09-01,2,21
ecd48e90-093c-44bc-a8fe-7ad14296a929,2026-09-01 21:01:49.274000-05:00,2026-09-01,2,21
ecd48e90-093c-44bc-a8fe-7ad14296a929,2026-09-01 21:02:52.904000-05:00,2026-09-01,2,21
0d22763d-71c3-4dcd-aedd-758f19352c7c,2026-09-02 11:04:31.981000-05:00,2026-09-02,3,11
ecd48e90-093c-44bc-a8fe-7ad14296a929,2026-09-02 11:08:01.462000-05:00,2026-09-02,4,11
969c3021-9759-4d0f-8267-37fb65fe8616,2026-09-02 11:11:02.467000-05:00,2026-09-02,5,11
0d22763d-71c3-4dcd-aedd-758f19352c7c,2026-09-02 11:13:47.885000-05:00,2026-09-02,5,11
0d22763d-71c3-4dcd-aedd-758f19352c7c,2026-09-02 11:18:17.398000-05:00,2026-09-02,5,11
41894c85-32bb-426b-8ebf-782e52f82055,2026-09-02 11:20:41.699000-05:00,2026-09-02,5,11
0d22763d-71c3-4dcd-aedd-758f19352c7c,2026-09-02 11:23:57.058000-05:00,2026-09-02,4,11
ce0a7164-0800-4f5a-8032-5cb6fe140e8f,2026-09-02 11:25:24.095000-05:00,2026-09-02,4,11
ce0a7164-0800-4f5a-8032-5cb6fe140e8f,2026-09-02 11:29:44.621000-05:00,2026-09-02,4,11
ce0a7164-0800-4f5a-8032-5cb6fe140e8f,2026-09-02 11:31:25.682000-05:00,2026-09-02,4,11
969c3021-9759-4d0f-8267-37fb65fe8616,2026-09-02 11:37:15.289000-05:00,2026-09-02,3,11
969c3021-9759-4d0f-8267-37fb65fe8616,2026-09-02 11:42:53.654000-05:00,2026-09-02,2,11
0d22763d-71c3-4dcd-aedd-758f19352c7c,2026-09-02 12:28:36.263000-05:00,2026-09-02,2,12
66a2b562-84d7-40d1-8afd-68265b9142fa,2026-09-02 12:28:45.356000-05:00,2026-09-02,2,12
66a2b562-84d7-40d1-8afd-68265b9142fa,2026-09-02 12:29:41.288000-05:00,2026-09-02,2,12
66a2b562-84d7-40d1-8afd-68265b9142fa,2026-09-02 12:34:25.171000-05:00,2026-09-02,2,12
66a2b562-84d7-40d1-8afd-68265b9142fa,2026-09-02 12:37:32.944000-05:00,2026-09-02,2,12
0d22763d-71c3-4dcd-aedd-758f19352c7c,2026-09-02 12:37:55.417000-05:00,2026-09-02,2,12
0d22763d-71c3-4dcd-aedd-758f19352c7c,2026-09-02 12:38:18.655000-05:00,2026-09-02,2,12
66a2b562-84d7-40d1-8afd-68265b9142fa,2026-09-02 12:41:10.224000-05:00,2026-09-02,2,12
0d22763d-71c3-4dcd-aedd-758f19352c7c,2026-09-02 12:41:47.677000-05:00,2026-09-02,2,12
66a2b562-84d7-40d1-8afd-68265b9142fa,2026-09-02 12:43:24.448000-05:00,2026-09-02,2,12
0d22763d-71c3-4dcd-aedd-758f19352c7c,2026-09-02 12:44:21.758000-05:00,2026-09-02,2,12
0d22763d-71c3-4dcd-aedd-758f19352c7c,2026-09-02 12:47:42.646000-05:00,2026-09-02,2,12
66a2b562-84d7-40d1-8afd-68265b9142fa,2026-09-02 12:48:08.842000-05:00,2026-09-02,2,12
66a2b562-84d7-40d1-8afd-68265b9142fa,2026-09-02 12:50:21.934000-05:00,2026-09-02,2,12
0d22763d-71c3-4dcd-aedd-758f19352c7c,2026-09-02 12:52:59.718000-05:00,2026-09-02,2,12
66a2b562-84d7-40d1-8afd-68265b9142fa,2026-09-02 12:53:23.049000-05:00,2026-09-02,2,12
66a2b562-84d7-40d1-8afd-68265b9142fa,2026-09-02 12:54:15.611000-05:00,2026-09-02,2,12
66a2b562-84d7-40d1-8afd-68265b9142fa,2026-09-02 12:58:55.201000-05:00,2026-09-02,2,12
0d22763d-71c3-4dcd-aedd-758f19352c7c,2026-09-02 13:01:10.298000-05:00,2026-09-02,2,13
66a2b562-84d7-40d1-8afd-68265b9142fa,2026-09-02 13:01:57.410000-05:00,2026-09-02,2,13
66a2b562-84d7-40d1-8afd-68265b9142fa,2026-09-02 13:02:56.436000-05:00,2026-09-02,2,13
66a2b562-84d7-40d1-8afd-68265b9142fa,2026-09-02 13:05:02.588000-05:00,2026-09-02,2,13
66a2b562-84d7-40d1-8afd-68265b9142fa,2026-09-02 13:11:11.537000-05:00,2026-09-02,2,13
66a2b562-84d7-40d1-8afd-68265b9142fa,2026-09-02 13:12:43.352000-05:00,2026-09-02,2,13
66a2b562-84d7-40d1-8afd-68265b9142fa,2026-09-02 13:14:55.207000-05:00,2026-09-02,2,13
0d22763d-71c3-4dcd-aedd-758f19352c7c,2026-09-02 13:16:42.261000-05:00,2026-09-02,2,13
0d22763d-71c3-4dcd-aedd-758f19352c7c,2026-09-02 13:18:18.553000-05:00,2026-09-02,2,13
0d22763d-71c3-4dcd-aedd-758f19352c7c,2026-09-02 13:21:09.168000-05:00,2026-09-02,2,13
0d22763d-71c3-4dcd-aedd-758f19352c7c,2026-09-02 13:21:15.333000-05:00,2026-09-02,2,13
66a2b562-84d7-40d1-8afd-68265b9142fa,2026-09-02 13:26:50.842000-05:00,2026-09-02,2,13
66a2b562-84d7-40d1-8afd-68265b9142fa,2026-09-02 13:33:03.560000-05:00,2026-09-02,2,13
66a2b562-84d7-40d1-8afd-68265b9142fa,2026-09-02 13:37:23.250000-05:00,2026-09-02,1,13
66a2b562-84d7-40d1-8afd-68265b9142fa,2026-09-02 13:43:15.679000-05:00,2026-09-02,1,13
66a2b562-84d7-40d1-8afd-68265b9142fa,2026-09-02 13:47:35.057000-05:00,2026-09-02,1,13
66a2b562-84d7-40d1-8afd-68265b9142fa,2026-09-02 13:52:23.414000-05:00,2026-09-02,1,13
66a2b562-84d7-40d1-8afd-68265b9142fa,2026-09-02 13:54:13.195000-05:00,2026-09-02,1,13
66a2b562-84d7-40d1-8afd-68265b9142fa,2026-09-02 13:56:03.933000-05:00,2026-09-02,1,13
66a2b562-84d7-40d1-8afd-68265b9142fa,2026-09-02 13:56:33.666000-05:00,2026-09-02,1,13
66a2b562-84d7-40d1-8afd-68265b9142fa,2026-09-02 13:57:58.674000-05:00,2026-09-02,1,13
66a2b562-84d7-40d1-8afd-68265b9142fa,2026-09-02 14:03:10.596000-05:00,2026-09-02,1,14
66a2b562-84d7-40d1-8afd-68265b9142fa,2026-09-02 14:12:29.035000-05:00,2026-09-02,1,14
66a2b562-84d7-40d1-8afd-68265b9142fa,2026-09-02 14:18:09.156000-05:00,2026-09-02,1,14
66a2b562-84d7-40d1-8afd-68265b9142fa,2026-09-02 14:19:11.965000-05:00,2026-09-02,1,14
66a2b562-84d7-40d1-8afd-68265b9142fa,2026-09-02 14:32:39.071000-05:00,2026-09-02,1,14
66a2b562-84d7-40d1-8afd-68265b9142fa,2026-09-02 14:45:50.448000-05:00,2026-09-02,1,14
66a2b562-84d7-40d1-8afd-68265b9142fa,2026-09-02 14:51:04.563000-05:00,2026-09-02,1,14
66a2b562-84d7-40d1-8afd-68265b9142fa,2026-09-02 14:53:57.639000-05:00,2026-09-02,1,14
66a2b562-84d7-40d1-8afd-68265b9142fa,2026-09-02 14:55:43.627000-05:00,2026-09-02,1,14
66a2b562-84d7-40d1-8afd-68265b9142fa,2026-09-02 14:56:03.457000-05:00,2026-09-02,1,14
66a2b562-84d7-40d1-8afd-68265b9142fa,2026-09-02 15:06:56.888000-05:00,2026-09-02,1,15
66a2b562-84d7-40d1-8afd-68265b9142fa,2026-09-02 15:08:41.074000-05:00,2026-09-02,1,15
66a2b562-84d7-40d1-8afd-68265b9142fa,2026-09-02 15:19:44.228000-05:00,2026-09-02,1,15
66a2b562-84d7-40d1-8afd-68265b9142fa,2026-09-02 15:26:45.117000-05:00,2026-09-02,1,15
969c3021-9759-4d0f-8267-37fb65fe8616,2026-09-02 15:56:05.197000-05:00,2026-09-02,2,15
969c3021-9759-4d0f-8267-37fb65fe8616,2026-09-02 16:01:29.154000-05:00,2026-09-02,2,16
2219e820-9b34-4ab3-a1c1-7c021417b995,2026-09-02 16:02:22.568000-05:00,2026-09-02,2,16
969c3021-9759-4d0f-8267-37fb65fe8616,2026-09-02 16:12:47.773000-05:00,2026-09-02,2,16
2219e820-9b34-4ab3-a1c1-7c021417b995,2026-09-02 17:08:15.924000-05:00,2026-09-02,2,17
969c3021-9759-4d0f-8267-37fb65fe8616,2026-09-02 17:09:22-05:00,2026-09-02,2,17
2219e820-9b34-4ab3-a1c1-7c021417b995,2026-09-02 17:11:32.104000-05:00,2026-09-02,2,17
2219e820-9b34-4ab3-a1c1-7c021417b995,2026-09-02 17:11:43.643000-05:00,2026-09-02,2,17
2219e820-9b34-4ab3-a1c1-7c021417b995,2026-09-02 17:12:44.982000-05:00,2026-09-02,2,17
2219e820-9b34-4ab3-a1c1-7c021417b995,2026-09-02 17:18:12.295000-05:00,2026-09-02,2,17
969c3021-9759-4d0f-8267-37fb65fe8616,2026-09-02 17:19:14.274000-05:00,2026-09-02,2,17
969c3021-9759-4d0f-8267-37fb65fe8616,2026-09-02 17:22:49.294000-05:00,2026-09-02,2,17
2219e820-9b34-4ab3-a1c1-7c021417b995,2026-09-02 17:42:24.819000-05:00,2026-09-02,1,17
2219e820-9b34-4ab3-a1c1-7c021417b995,2026-09-02 17:46:07.219000-05:00,2026-09-02,1,17
2219e820-9b34-4ab3-a1c1-7c021417b995,2026-09-02 19:08:20.980000-05:00,2026-09-02,2,19
969c3021-9759-4d0f-8267-37fb65fe8616,2026-09-02 19:12:36.060000-05:00,2026-09-02,2,19
969c3021-9759-4d0f-8267-37fb65fe8616,2026-09-02 19:16:02.455000-05:00,2026-09-02,2,19
969c3021-9759-4d0f-8267-37fb65fe8616,2026-09-02 19:17:31.089000-05:00,2026-09-02,2,19
969c3021-9759-4d0f-8267-37fb65fe8616,2026-09-02 19:32:03.665000-05:00,2026-09-02,2,19
a10bbbb4-f13c-4de8-b5f8-f28771619cc9,2026-09-02 19:35:56.271000-05:00,2026-09-02,2,19
969c3021-9759-4d0f-8267-37fb65fe8616,2026-09-02 19:43:49.014000-05:00,2026-09-02,2,19
a10bbbb4-f13c-4de8-b5f8-f28771619cc9,2026-09-02 19:47:07.656000-05:00,2026-09-02,2,19
969c3021-9759-4d0f-8267-37fb65fe8616,2026-09-02 19:49:32.506000-05:00,2026-09-02,2,19
a10bbbb4-f13c-4de8-b5f8-f28771619cc9,2026-09-02 19:50:57.857000-05:00,2026-09-02,2,19
a10bbbb4-f13c-4de8-b5f8-f28771619cc9,2026-09-02 19:54:24.042000-05:00,2026-09-02,2,19
a10bbbb4-f13c-4de8-b5f8-f28771619cc9,2026-09-02 19:55:41.423000-05:00,2026-09-02,2,19
a10bbbb4-f13c-4de8-b5f8-f28771619cc9,2026-09-02 20:05:34.198000-05:00,2026-09-02,2,20
a10bbbb4-f13c-4de8-b5f8-f28771619cc9,2026-09-02 20:07:12.350000-05:00,2026-09-02,2,20
969c3021-9759-4d0f-8267-37fb65fe8616,2026-09-02 20:09:47.678000-05:00,2026-09-02,2,20
969c3021-9759-4d0f-8267-37fb65fe8616,2026-09-02 21:22:20.652000-05:00,2026-09-02,2,21
a10bbbb4-f13c-4de8-b5f8-f28771619cc9,2026-09-02 21:24:39.306000-05:00,2026-09-02,2,21
969c3021-9759-4d0f-8267-37fb65fe8616,2026-09-02 21:29:06.410000-05:00,2026-09-02,4,21
969c3021-9759-4d0f-8267-37fb65fe8616,2026-09-02 21:32:57.305000-05:00,2026-09-02,5,21
a10bbbb4-f13c-4de8-b5f8-f28771619cc9,2026-09-02 21:39:45.727000-05:00,2026-09-02,5,21
a10bbbb4-f13c-4de8-b5f8-f28771619cc9,2026-09-02 21:40:32.145000-05:00,2026-09-02,5,21
fe93b22a-0f68-45a9-b97b-aefe012f544a,2026-09-02 21:41:49.436000-05:00,2026-09-02,5,21
23b66abb-8f36-4ab1-88f0-d121197e9a94,2026-09-02 21:41:58.368000-05:00,2026-09-02,5,21
4baf5a6b-c683-4605-8454-6a06245fd019,2026-09-02 21:45:05.074000-05:00,2026-09-02,5,21
4baf5a6b-c683-4605-8454-6a06245fd019,2026-09-03 07:35:23.718000-05:00,2026-09-03,1,7
4baf5a6b-c683-4605-8454-6a06245fd019,2026-09-03 07:36:13.562000-05:00,2026-09-03,1,7
4baf5a6b-c683-4605-8454-6a06245fd019,2026-09-03 07:38:19.314000-05:00,2026-09-03,1,7
4baf5a6b-c683-4605-8454-6a06245fd019,2026-09-03 07:40:09.804000-05:00,2026-09-03,1,7
4baf5a6b-c683-4605-8454-6a06245fd019,2026-09-03 07:41:10.425000-05:00,2026-09-03,1,7
4baf5a6b-c683-4605-8454-6a06245fd019,2026-09-03 07:43:33.545000-05:00,2026-09-03,1,7
4baf5a6b-c683-4605-8454-6a06245fd019,2026-09-03 07:45:39.199000-05:00,2026-09-03,2,7
4baf5a6b-c683-4605-8454-6a06245fd019,2026-09-03 07:51:38.840000-05:00,2026-09-03,2,7
4baf5a6b-c683-4605-8454-6a06245fd019,2026-09-03 07:54:05.057000-05:00,2026-09-03,2,7
4baf5a6b-c683-4605-8454-6a06245fd019,2026-09-03 07:56:26.401000-05:00,2026-09-03,2,7
4baf5a6b-c683-4605-8454-6a06245fd019,2026-09-03 07:59:41.286000-05:00,2026-09-03,2,7
fe93b22a-0f68-45a9-b97b-aefe012f544a,2026-09-03 08:00:37.835000-05:00,2026-09-03,2,8
fe93b22a-0f68-45a9-b97b-aefe012f544a,2026-09-03 08:05:23.297000-05:00,2026-09-03,2,8
fe93b22a-0f68-45a9-b97b-aefe012f544a,2026-09-03 08:07:25.762000-05:00,2026-09-03,2,8
4baf5a6b-c683-4605-8454-6a06245fd019,2026-09-03 08:13:31.671000-05:00,2026-09-03,2,8
4baf5a6b-c683-4605-8454-6a06245fd019,2026-09-03 08:20:16.858000-05:00,2026-09-03,2,8
4baf5a6b-c683-4605-8454-6a06245fd019,2026-09-03 08:23:02.542000-05:00,2026-09-03,1,8
4baf5a6b-c683-4605-8454-6a06245fd019,2026-09-03 08:45:17.690000-05:00,2026-09-03,1,8
4baf5a6b-c683-4605-8454-6a06245fd019,2026-09-03 08:47:51.720000-05:00,2026-09-03,1,8
4baf5a6b-c683-4605-8454-6a06245fd019,2026-09-03 09:07:04.060000-05:00,2026-09-03,1,9
4baf5a6b-c683-4605-8454-6a06245fd019,2026-09-03 10:43:21.483000-05:00,2026-09-03,1,10
4baf5a6b-c683-4605-8454-6a06245fd019,2026-09-03 10:45:47.542000-05:00,2026-09-03,1,10
4baf5a6b-c683-4605-8454-6a06245fd019,2026-09-03 12:07:56.516000-05:00,2026-09-03,1,12
f72778b2-c234-414d-8419-9ceca536c8a9,2026-09-03 12:24:43.810000-05:00,2026-09-03,3,12
b11ccd0f-5b20-49d4-ba2f-b603eb0a69ea,2026-09-03 12:28:50.840000-05:00,2026-09-03,3,12
fe93b22a-0f68-45a9-b97b-aefe012f544a,2026-09-03 12:30:39.756000-05:00,2026-09-03,3,12
b11ccd0f-5b20-49d4-ba2f-b603eb0a69ea,2026-09-03 12:47:33.352000-05:00,2026-09-03,2,12
b11ccd0f-5b20-49d4-ba2f-b603eb0a69ea,2026-09-03 12:47:50.818000-05:00,2026-09-03,2,12
b11ccd0f-5b20-49d4-ba2f-b603eb0a69ea,2026-09-03 12:50:46.017000-05:00,2026-09-03,2,12
b11ccd0f-5b20-49d4-ba2f-b603eb0a69ea,2026-09-03 12:52:12.268000-05:00,2026-09-03,2,12
f72778b2-c234-414d-8419-9ceca536c8a9,2026-09-03 12:52:38.341000-05:00,2026-09-03,2,12
f72778b2-c234-414d-8419-9ceca536c8a9,2026-09-03 12:55:18.734000-05:00,2026-09-03,2,12
f72778b2-c234-414d-8419-9ceca536c8a9,2026-09-03 12:59:54.066000-05:00,2026-09-03,4,12
b11ccd0f-5b20-49d4-ba2f-b603eb0a69ea,2026-09-03 13:00:45.279000-05:00,2026-09-03,4,13
f72778b2-c234-414d-8419-9ceca536c8a9,2026-09-03 13:07:40.912000-05:00,2026-09-03,4,13
fe93b22a-0f68-45a9-b97b-aefe012f544a,2026-09-03 13:12:07.863000-05:00,2026-09-03,4,13
f502857f-39e2-42ef-ba42-7ba472ab4bf6,2026-09-03 13:14:38.090000-05:00,2026-09-03,4,13
fe93b22a-0f68-45a9-b97b-aefe012f544a,2026-09-03 13:19:35.969000-05:00,2026-09-03,3,13
fe93b22a-0f68-45a9-b97b-aefe012f544a,2026-09-03 13:20:09.271000-05:00,2026-09-03,3,13
f502857f-39e2-42ef-ba42-7ba472ab4bf6,2026-09-03 13:29:18.971000-05:00,2026-09-03,2,13
f502857f-39e2-42ef-ba42-7ba472ab4bf6,2026-09-03 13:45:23.927000-05:00,2026-09-03,1,13
fe93b22a-0f68-45a9-b97b-aefe012f544a,2026-09-03 14:18:13.097000-05:00,2026-09-03,1,14
492b0034-66a4-4a91-a8c9-e196102d0b7c,2026-09-03 15:45:47.940000-05:00,2026-09-03,1,15
492b0034-66a4-4a91-a8c9-e196102d0b7c,2026-09-03 16:18:22.885000-05:00,2026-09-03,2,16
492b0034-66a4-4a91-a8c9-e196102d0b7c,2026-09-03 16:20:39.833000-05:00,2026-09-03,2,16
492b0034-66a4-4a91-a8c9-e196102d0b7c,2026-09-03 16:21:45.257000-05:00,2026-09-03,2,16
8a685617-cd7a-4a94-9b6d-422365950bc3,2026-09-03 16:22:51.257000-05:00,2026-09-03,2,16
8a685617-cd7a-4a94-9b6d-422365950bc3,2026-09-03 16:29:45.796000-05:00,2026-09-03,3,16
8a685617-cd7a-4a94-9b6d-422365950bc3,2026-09-03 16:31:32.375000-05:00,2026-09-03,3,16
8a685617-cd7a-4a94-9b6d-422365950bc3,2026-09-03 16:32:50.021000-05:00,2026-09-03,3,16
5b9fcccd-70f3-47cc-b7f9-14a9e48dacf8,2026-09-03 16:39:09.315000-05:00,2026-09-03,3,16
8a685617-cd7a-4a94-9b6d-422365950bc3,2026-09-03 16:41:36.347000-05:00,2026-09-03,3,16
8a685617-cd7a-4a94-9b6d-422365950bc3,2026-09-03 16:41:54.089000-05:00,2026-09-03,3,16
492b0034-66a4-4a91-a8c9-e196102d0b7c,2026-09-03 16:43:39.554000-05:00,2026-09-03,3,16
8a685617-cd7a-4a94-9b6d-422365950bc3,2026-09-03 16:43:54.078000-05:00,2026-09-03,3,16
5b9fcccd-70f3-47cc-b7f9-14a9e48dacf8,2026-09-03 16:50:20.065000-05:00,2026-09-03,3,16
8a685617-cd7a-4a94-9b6d-422365950bc3,2026-09-03 16:50:37.992000-05:00,2026-09-03,3,16
5b9fcccd-70f3-47cc-b7f9-14a9e48dacf8,2026-09-03 16:56:10.749000-05:00,2026-09-03,3,16
5b9fcccd-70f3-47cc-b7f9-14a9e48dacf8,2026-09-03 16:57:18.568000-05:00,2026-09-03,3,16
8a685617-cd7a-4a94-9b6d-422365950bc3,2026-09-03 16:59:23.501000-05:00,2026-09-03,2,16
5b9fcccd-70f3-47cc-b7f9-14a9e48dacf8,2026-09-03 17:01:03.302000-05:00,2026-09-03,2,17
8a685617-cd7a-4a94-9b6d-422365950bc3,2026-09-03 17:01:37.123000-05:00,2026-09-03,2,17
5b9fcccd-70f3-47cc-b7f9-14a9e48dacf8,2026-09-03 17:01:49.141000-05:00,2026-09-03,2,17
5b9fcccd-70f3-47cc-b7f9-14a9e48dacf8,2026-09-03 17:02:26.591000-05:00,2026-09-03,2,17
8a685617-cd7a-4a94-9b6d-422365950bc3,2026-09-03 17:03:37.356000-05:00,2026-09-03,2,17
5b9fcccd-70f3-47cc-b7f9-14a9e48dacf8,2026-09-03 17:05:57.731000-05:00,2026-09-03,2,17
8a685617-cd7a-4a94-9b6d-422365950bc3,2026-09-03 17:07:27.634000-05:00,2026-09-03,2,17
8a685617-cd7a-4a94-9b6d-422365950bc3,2026-09-03 17:13:40.644000-05:00,2026-09-03,2,17
8a685617-cd7a-4a94-9b6d-422365950bc3,2026-09-03 17:20:05.686000-05:00,2026-09-03,2,17
8a685617-cd7a-4a94-9b6d-422365950bc3,2026-09-03 20:41:48.061000-05:00,2026-09-03,2,20
8a685617-cd7a-4a94-9b6d-422365950bc3,2026-09-03 20:46:31.132000-05:00,2026-09-03,2,20
8a685617-cd7a-4a94-9b6d-422365950bc3,2026-09-03 20:46:41-05:00,2026-09-03,2,20
5b9fcccd-70f3-47cc-b7f9-14a9e48dacf8,2026-09-03 20:47:54.743000-05:00,2026-09-03,2,20
5b9fcccd-70f3-47cc-b7f9-14a9e48dacf8,2026-09-03 20:50:20.542000-05:00,2026-09-03,2,20
5b9fcccd-70f3-47cc-b7f9-14a9e48dacf8,2026-09-03 20:53:13.412000-05:00,2026-09-03,2,20
5b9fcccd-70f3-47cc-b7f9-14a9e48dacf8,2026-09-03 20:59:20.547000-05:00,2026-09-03,2,20
5b9fcccd-70f3-47cc-b7f9-14a9e48dacf8,2026-09-03 21:01:10.920000-05:00,2026-09-03,2,21
5b9fcccd-70f3-47cc-b7f9-14a9e48dacf8,2026-09-03 21:02:02.514000-05:00,2026-09-03,2,21
8a685617-cd7a-4a94-9b6d-422365950bc3,2026-09-03 21:13:24.272000-05:00,2026-09-03,3,21
8a685617-cd7a-4a94-9b6d-422365950bc3,2026-09-03 21:14:17.686000-05:00,2026-09-03,3,21
8a685617-cd7a-4a94-9b6d-422365950bc3,2026-09-03 21:15:36.181000-05:00,2026-09-03,3,21
16d94302-a688-4885-99b6-3bbdab10351f,2026-09-03 21:17:04.889000-05:00,2026-09-03,2,21
8a685617-cd7a-4a94-9b6d-422365950bc3,2026-09-03 21:19:46.648000-05:00,2026-09-03,2,21
16d94302-a688-4885-99b6-3bbdab10351f,2026-09-03 21:27:58.377000-05:00,2026-09-03,2,21
8a685617-cd7a-4a94-9b6d-422365950bc3,2026-09-03 21:32:21.175000-05:00,2026-09-03,2,21
8a685617-cd7a-4a94-9b6d-422365950bc3,2026-09-03 21:35:43.728000-05:00,2026-09-03,2,21
16d94302-a688-4885-99b6-3bbdab10351f,2026-09-03 21:37:38.953000-05:00,2026-09-03,2,21
16d94302-a688-4885-99b6-3bbdab10351f,2026-09-03 21:43:53.598000-05:00,2026-09-03,2,21
8a685617-cd7a-4a94-9b6d-422365950bc3,2026-09-03 21:48:03.270000-05:00,2026-09-03,2,21
16d94302-a688-4885-99b6-3bbdab10351f,2026-09-03 21:48:11.886000-05:00,2026-09-03,2,21
16d94302-a688-4885-99b6-3bbdab10351f,2026-09-03 21:49:29.947000-05:00,2026-09-03,2,21
8a685617-cd7a-4a94-9b6d-422365950bc3,2026-09-03 21:51:09.672000-05:00,2026-09-03,2,21
8a685617-cd7a-4a94-9b6d-422365950bc3,2026-09-03 21:56:42.685000-05:00,2026-09-03,2,21
16d94302-a688-4885-99b6-3bbdab10351f,2026-09-03 22:02:30.508000-05:00,2026-09-03,3,22
8a685617-cd7a-4a94-9b6d-422365950bc3,2026-09-03 22:03:57.270000-05:00,2026-09-03,3,22
8a685617-cd7a-4a94-9b6d-422365950bc3,2026-09-03 22:04:08.616000-05:00,2026-09-03,3,22
16d94302-a688-4885-99b6-3bbdab10351f,2026-09-03 22:04:53.047000-05:00,2026-09-03,3,22
16d94302-a688-4885-99b6-3bbdab10351f,2026-09-03 22:15:07.578000-05:00,2026-09-03,3,22
5bab1f91-a090-4a6b-a414-5c110a777223,2026-09-03 22:17:02.184000-05:00,2026-09-03,3,22
8a685617-cd7a-4a94-9b6d-422365950bc3,2026-09-04 07:01:55.097000-05:00,2026-09-04,1,7
8a685617-cd7a-4a94-9b6d-422365950bc3,2026-09-04 08:10:33.416000-05:00,2026-09-04,1,8
8a685617-cd7a-4a94-9b6d-422365950bc3,2026-09-04 08:26:23.912000-05:00,2026-09-04,1,8
8a685617-cd7a-4a94-9b6d-422365950bc3,2026-09-04 08:29:32.734000-05:00,2026-09-04,1,8
8a685617-cd7a-4a94-9b6d-422365950bc3,2026-09-04 08:32:24.464000-05:00,2026-09-04,1,8
8a685617-cd7a-4a94-9b6d-422365950bc3,2026-09-04 09:11:51.899000-05:00,2026-09-04,2,9
8a685617-cd7a-4a94-9b6d-422365950bc3,2026-09-04 09:16:15.245000-05:00,2026-09-04,2,9
8a685617-cd7a-4a94-9b6d-422365950bc3,2026-09-04 09:22:00.507000-05:00,2026-09-04,2,9
8a685617-cd7a-4a94-9b6d-422365950bc3,2026-09-04 09:22:47.967000-05:00,2026-09-04,2,9
5bab1f91-a090-4a6b-a414-5c110a777223,2026-09-04 09:26:43.856000-05:00,2026-09-04,2,9
8a685617-cd7a-4a94-9b6d-422365950bc3,2026-09-04 09:28:57.491000-05:00,2026-09-04,2,9
8a685617-cd7a-4a94-9b6d-422365950bc3,2026-09-04 09:35:29.474000-05:00,2026-09-04,2,9
8a685617-cd7a-4a94-9b6d-422365950bc3,2026-09-04 11:27:36.750000-05:00,2026-09-04,1,11
8a685617-cd7a-4a94-9b6d-422365950bc3,2026-09-04 11:30:18.670000-05:00,2026-09-04,2,11
8a685617-cd7a-4a94-9b6d-422365950bc3,2026-09-04 11:31:25.896000-05:00,2026-09-04,2,11
8a685617-cd7a-4a94-9b6d-422365950bc3,2026-09-04 11:32:15.382000-05:00,2026-09-04,2,11
8a685617-cd7a-4a94-9b6d-422365950bc3,2026-09-04 11:34:23.018000-05:00,2026-09-04,2,11
8a685617-cd7a-4a94-9b6d-422365950bc3,2026-09-04 11:37:08.542000-05:00,2026-09-04,2,11
5bab1f91-a090-4a6b-a414-5c110a777223,2026-09-04 11:44:53.729000-05:00,2026-09-04,2,11
5bab1f91-a090-4a6b-a414-5c110a777223,2026-09-04 11:50:48.828000-05:00,2026-09-04,2,11
8a685617-cd7a-4a94-9b6d-422365950bc3,2026-09-04 11:56:29.139000-05:00,2026-09-04,4,11
8a685617-cd7a-4a94-9b6d-422365950bc3,2026-09-04 11:58:06.435000-05:00,2026-09-04,4,11
8a685617-cd7a-4a94-9b6d-422365950bc3,2026-09-04 11:59:18.798000-05:00,2026-09-04,4,11
8a685617-cd7a-4a94-9b6d-422365950bc3,2026-09-04 12:00:46.198000-05:00,2026-09-04,4,12
8a685617-cd7a-4a94-9b6d-422365950bc3,2026-09-04 12:03:17.851000-05:00,2026-09-04,4,12
5dacd6bd-dd15-45db-ac28-0c6c505bcb76,2026-09-04 12:09:33.886000-05:00,2026-09-04,3,12
8b156e1b-3372-462d-ade4-2a7d5293d890,2026-09-04 12:11:01.781000-05:00,2026-09-04,3,12
5dacd6bd-dd15-45db-ac28-0c6c505bcb76,2026-09-04 12:14:53.640000-05:00,2026-09-04,3,12
5dacd6bd-dd15-45db-ac28-0c6c505bcb76,2026-09-04 12:17:50.383000-05:00,2026-09-04,3,12
8a685617-cd7a-4a94-9b6d-422365950bc3,2026-09-04 12:50:56.555000-05:00,2026-09-04,1,12
codex-01a06da1-b97,2026-09-04 13:15:35.966000-05:00,2026-09-04,1,13
codex-01a06da1-b97,2026-09-04 13:16:11.274000-05:00,2026-09-04,1,13
codex-01a06da1-b97,2026-09-04 13:17:37.698000-05:00,2026-09-04,1,13
codex-01a06da1-b97,2026-09-04 13:20:24.073000-05:00,2026-09-04,1,13
codex-01a06da1-b97,2026-09-04 13:28:24.068000-05:00,2026-09-04,1,13
codex-01a06da1-b97,2026-09-04 13:34:29.558000-05:00,2026-09-04,1,13
codex-01a06da1-b97,2026-09-04 13:43:05.528000-05:00,2026-09-04,1,13
codex-01a06da1-b97,2026-09-04 13:46:08.337000-05:00,2026-09-04,1,13
codex-01a06da1-b97,2026-09-04 13:55:08.124000-05:00,2026-09-04,1,13
9d2f181a-0286-43bb-b0c7-f28e8225c2d0,2026-09-04 15:32:31.430000-05:00,2026-09-04,4,15
69618e8d-cfa8-4210-8ad4-be58c5d69191,2026-09-04 15:33:29.849000-05:00,2026-09-04,4,15
8a685617-cd7a-4a94-9b6d-422365950bc3,2026-09-04 15:33:56.278000-05:00,2026-09-04,4,15
69618e8d-cfa8-4210-8ad4-be58c5d69191,2026-09-04 15:36:58.524000-05:00,2026-09-04,5,15
7299a1f8-8c78-4895-8d32-d5eeb57ff768,2026-09-04 15:38:11.341000-05:00,2026-09-04,5,15
69618e8d-cfa8-4210-8ad4-be58c5d69191,2026-09-04 15:39:04.846000-05:00,2026-09-04,5,15
9d2f181a-0286-43bb-b0c7-f28e8225c2d0,2026-09-04 15:39:16.735000-05:00,2026-09-04,5,15
69618e8d-cfa8-4210-8ad4-be58c5d69191,2026-09-04 15:42:25.720000-05:00,2026-09-04,6,15
a45aa700-eff9-4368-aeb8-7d0efb27c755,2026-09-04 15:49:24.327000-05:00,2026-09-04,6,15
8a685617-cd7a-4a94-9b6d-422365950bc3,2026-09-04 15:49:58.136000-05:00,2026-09-04,6,15
a45aa700-eff9-4368-aeb8-7d0efb27c755,2026-09-04 15:52:29.220000-05:00,2026-09-04,6,15
69618e8d-cfa8-4210-8ad4-be58c5d69191,2026-09-04 15:53:45.364000-05:00,2026-09-04,5,15
b9a90b26-8917-487c-b8db-5a761e4d3c83,2026-09-04 15:56:35.617000-05:00,2026-09-04,4,15
b9a90b26-8917-487c-b8db-5a761e4d3c83,2026-09-04 15:57:01.473000-05:00,2026-09-04,4,15
a45aa700-eff9-4368-aeb8-7d0efb27c755,2026-09-04 15:59:24.170000-05:00,2026-09-04,4,15
b9a90b26-8917-487c-b8db-5a761e4d3c83,2026-09-04 16:01:49.738000-05:00,2026-09-04,4,16
b9a90b26-8917-487c-b8db-5a761e4d3c83,2026-09-04 16:02:15.684000-05:00,2026-09-04,4,16
69618e8d-cfa8-4210-8ad4-be58c5d69191,2026-09-04 16:04:32.851000-05:00,2026-09-04,4,16
69618e8d-cfa8-4210-8ad4-be58c5d69191,2026-09-04 16:11:40.288000-05:00,2026-09-04,4,16
b9a90b26-8917-487c-b8db-5a761e4d3c83,2026-09-04 16:11:59.138000-05:00,2026-09-04,4,16
8a685617-cd7a-4a94-9b6d-422365950bc3,2026-09-04 16:14:59.375000-05:00,2026-09-04,3,16
8a685617-cd7a-4a94-9b6d-422365950bc3,2026-09-04 16:17:53.282000-05:00,2026-09-04,3,16
8a685617-cd7a-4a94-9b6d-422365950bc3,2026-09-04 16:20:31.737000-05:00,2026-09-04,3,16
b9a90b26-8917-487c-b8db-5a761e4d3c83,2026-09-04 16:23:16.007000-05:00,2026-09-04,4,16
b9a90b26-8917-487c-b8db-5a761e4d3c83,2026-09-04 16:25:06.929000-05:00,2026-09-04,4,16
b9a90b26-8917-487c-b8db-5a761e4d3c83,2026-09-04 16:25:47.359000-05:00,2026-09-04,4,16
8a685617-cd7a-4a94-9b6d-422365950bc3,2026-09-04 16:31:26.824000-05:00,2026-09-04,3,16
8a685617-cd7a-4a94-9b6d-422365950bc3,2026-09-04 16:31:48.628000-05:00,2026-09-04,3,16
8a685617-cd7a-4a94-9b6d-422365950bc3,2026-09-04 16:33:04.399000-05:00,2026-09-04,3,16
b920d417-bb08-40b3-aa8f-2b11341ee79e,2026-09-04 16:35:38.457000-05:00,2026-09-04,4,16
b920d417-bb08-40b3-aa8f-2b11341ee79e,2026-09-04 16:46:23.509000-05:00,2026-09-04,4,16
69618e8d-cfa8-4210-8ad4-be58c5d69191,2026-09-04 16:48:41.489000-05:00,2026-09-04,4,16
8a685617-cd7a-4a94-9b6d-422365950bc3,2026-09-04 16:49:57.203000-05:00,2026-09-04,4,16
8a685617-cd7a-4a94-9b6d-422365950bc3,2026-09-04 16:52:04.194000-05:00,2026-09-04,4,16
b920d417-bb08-40b3-aa8f-2b11341ee79e,2026-09-04 16:53:54.561000-05:00,2026-09-04,4,16
b920d417-bb08-40b3-aa8f-2b11341ee79e,2026-09-04 16:55:29.325000-05:00,2026-09-04,4,16
5dacd6bd-dd15-45db-ac28-0c6c505bcb76,2026-09-04 16:58:02.597000-05:00,2026-09-04,4,16
5dacd6bd-dd15-45db-ac28-0c6c505bcb76,2026-09-04 16:58:26.115000-05:00,2026-09-04,4,16
69618e8d-cfa8-4210-8ad4-be58c5d69191,2026-09-04 16:59:10.821000-05:00,2026-09-04,4,16
5dacd6bd-dd15-45db-ac28-0c6c505bcb76,2026-09-04 17:01:57.521000-05:00,2026-09-04,4,17
5dacd6bd-dd15-45db-ac28-0c6c505bcb76,2026-09-04 17:05:01.165000-05:00,2026-09-04,4,17
5dacd6bd-dd15-45db-ac28-0c6c505bcb76,2026-09-04 17:12:56.902000-05:00,2026-09-04,3,17
8a685617-cd7a-4a94-9b6d-422365950bc3,2026-09-04 17:14:32.480000-05:00,2026-09-04,2,17
5dacd6bd-dd15-45db-ac28-0c6c505bcb76,2026-09-04 17:16:27.576000-05:00,2026-09-04,2,17
8a685617-cd7a-4a94-9b6d-422365950bc3,2026-09-04 17:17:41.649000-05:00,2026-09-04,2,17
5dacd6bd-dd15-45db-ac28-0c6c505bcb76,2026-09-04 17:19:52.694000-05:00,2026-09-04,2,17
5dacd6bd-dd15-45db-ac28-0c6c505bcb76,2026-09-04 17:30:51.047000-05:00,2026-09-04,2,17
